_id,Representative,Similarity_Score,Best_Confidence,NearestDistanceTo3HisZn,ZN_Depth,ZN_SASA,Length;Oligomer;Monomer,Protein_Name,Protein_Category,Cluster_ID,Details,ZN_Depth_Rounded,Neighbor_Count,Neighbor_Profile_Similarity,Neighbor_List,Best_Rank,AllZnDistancesSorted,TriHisSatisfied,TriHisCountMax,Receptor_PDB,Best_SDF,Species,MonomerSeq,BestPocket_ID,BestPocket_Score,BestPocket_Druggability,BestPocket_Volume,BestPocket_TotalSASA,BestPocket_PolarSASA,BestPocket_ApolarSASA,BestPocket_AlphaSpheres,BestPocket_HisCount,BestPocket_ZnCount,BestPocket_MinDistToZn,BestPocket_ZnMatch,BestPocket_SelectRule,Zn_CoordResidueCount,Zn_CoordHisCount,Zn_CoordNonHisCount,Zn_CoordResidues,Zn_CoordSite,Zn_CoordNote
3MWM,3MWM,0.7915671045722603,7.45,0.5719305347411257,28.573,0.000,252;2;126,Graded expression of zinc-responsive genes through two regulatory zinc-binding sites in Zur,转录调控,0,"D=[1.96,2.04,2.05],A=[102.5,105.3,109.9]",28.6,7,0.4728,A:CYS:93:SG:2.286::0.9602;A:CYS:130:SG:2.297::0.9505;A:CYS:133:SG:2.329::0.9228;A:CYS:90:SG:2.342::0.9117;A:LYS:95:NZ:4.682::0.2910;A:GLY:94:N:4.790::0.2821;A:ALA:92:N:4.953::0.2697,10,0.572;53.441,true,3,/root/PDB_ZN/diffdock_inputs/receptors/3MWM.pdb,/root/PDB_ZN/diffdock_outputs/3MWM/3MWM/rank10_confidence-7.45.sdf,Streptomyces coelicolor,GRATRQRAAVSAALQEVEEFRSAQELHDMLKHKGDAVGLTTVYRTLQSLADAGEVDVLRTAEGESVYRRCSTGDHHHHLVCRACGKAVEVEGPAVEKWAEAIAAEHGYVNVAHTVEIFGTCADCAGA,10,0.078,0.195,661.726,257.026,129.018,128.009,66.0,0,0,7.478,0,largest_volume,4,3,1,GLU:A:105:1.644; HIS:A:84:1.963; HIS:A:122:2.039; HIS:A:86:2.046,A:142,"Zn6@B:142: total=4, his=3, non_his=1, residues=HIS:B:84:1.798; GLU:B:105:1.819; HIS:B:86:2.113; HIS:B:122:2.125"
7U5Q,7U5Q,0.888759236406828,5.54,0.9267887934545939,7.130,0.978,432;2;216,"Crystal structure of transcriptional regulator, GntR family, from Brucella melitensis",转录调控,1,"D=[2.28,2.29,2.29],A=[93.7,100.1,107.3]",7.1,2,0.4029,A:ASP:167:OD1:2.354:91.7:0.7287;A:ARG:198:NH2:4.029:127.0:0.3548,10,0.927;32.748,true,3,/root/PDB_ZN/diffdock_inputs/receptors/7U5Q.pdb,/root/PDB_ZN/diffdock_outputs/7U5Q/7U5Q/rank10_confidence-5.54.sdf,Brucella melitensis ATCC 23457,RVTTAKLIYHELQQQIIRMELLPGTPLNEKALTEKYGVSRTPVREALIRLAEDRLVDVFPQSGTFVARIPVDAIPEAVVIRQALEGETAERAAANSTAAAIEKLDELIHLQTFYARKDKPGPFHETDDAFHETIAEIAGYPGIWQHLKPVKMQIDRARRMTMPILGRMEQVLREHHAIRDAISARDVHAAREAMKHHLSAVLPDIDELRKSRPDYFA,1,0.267,0.003,158.894,17.886,10.869,7.016,29.0,1,1,3.528,1,zn_priority,4,3,1,ASP:B:167:2.234; HIS:B:215:2.276; HIS:B:237:2.287; HIS:B:171:2.29,B:301,"Zn1@A:300: total=4, his=3, non_his=1, residues=HIS:A:237:2.278; HIS:A:215:2.308; HIS:A:171:2.319; ASP:A:167:2.354"
2FQP,2FQP,0.8548354548536002,2.02,0.9814341831583406,1.400,2.935,367;4;92,Crystal structure of a cupin domain (bp2299) from bordetella pertussis tohama i at 1.80 A resolution,蛋白酶,4,"D=[2.07,2.09,2.24],A=[93.8,98.4,106.7]",1.4,6,0.5292,A:HOH:166:O:2.035:101.3:0.7897;A:HOH:165:O:2.266:99.7:0.8354;A:HOH:164:O:2.392:97.1:0.7767;A:ACT:101:OXT:4.022:89.3:0.3544;A:GLU:90:OE2:4.120:133.3:0.3408;A:TYR:39:OH:4.402:145.7:0.3053,5,0.981;27.953;34.836;43.153,true,3,/root/PDB_ZN/diffdock_inputs/receptors/2FQP.pdb,/root/PDB_ZN/diffdock_outputs/2FQP/2FQP/rank5_confidence-2.02.sdf,Bordetella pertussis Tohama I,GKRPGAIPTVQIDNERVKVTEWRFPPGGETGWHRHSDYVVVPTTGPLLLETPEGSVTSQLTRGVSYTRPEGVEHNVINPSDTEFVFVEIEIKA,9,0.179,0.01,92.653,13.624,3.214,10.41,18.0,1,1,3.455,1,zn_priority,3,3,0,HIS:A:33:2.021; HIS:A:35:2.042; HIS:A:76:2.288,A:100,"Zn2@B:100: total=3, his=3, non_his=0, residues=HIS:B:33:2.052; HIS:B:35:2.091; HIS:B:76:2.218 | Zn3@C:100: total=3, his=3, non_his=0, residues=HIS:C:35:2.066; HIS:C:33:2.087; HIS:C:76:2.242 | Zn4@D:100: total=3, his=3, non_his=0, residues=HIS:D:35:2.035; HIS:D:33:2.092; HIS:D:76:2.516"
2PEB,2PEB,0.8564154881914711,5.4,1.18347533498043,2.585,0.000,226;2;113,Crystal structure of a putative dioxygenase (npun_f1925) from nostoc punctiforme pcc 73102 at 1.46 A resolution,蛋白酶,4,"D=[2.00,2.34,2.42],A=[93.1,107.4,120.5]",2.6,3,0.4734,A:UNL:201:O1:1.720:104.6:0.6521;A:GLN:57:OE1:3.991:80.8:0.3523;A:HIS:94:NE2:4.061:98.8:0.3536,10,1.183;26.608,true,3,/root/PDB_ZN/diffdock_inputs/receptors/2PEB.pdb,/root/PDB_ZN/diffdock_outputs/2PEB/2PEB/rank10_confidence-5.40.sdf,Nostoc punctiforme,KEDTIEIAGFHAHVYFDAASRDVAARVREGLGARFEVQLGRWFDKPIGPHPKGYQVAFLPNQFDKVVPWLLNREGLDILVHPETGDAVSDHAVYSLWLGAALALNIEFLRQLS,11,0.24,0.021,277.334,71.189,20.468,50.72,19.0,3,1,3.485,1,zn_priority,3,3,0,HIS:A:14:1.885; HIS:A:12:2.075; HIS:A:84:2.19,A:200,"Zn2@B:200: total=3, his=3, non_his=0, residues=HIS:B:14:1.998; HIS:B:84:2.337; HIS:B:12:2.416"
1M65,1M65,0.8401084543324587,2.11,1.3023688229782013,1.400,8.804,234;1;234,YCDX PROTEIN,转录调控,4,"D=[2.06,2.08,2.14],A=[99.5,102.4,125.3]",1.4,3,0.4167,A:HOH:572:O:2.011:106.3:0.8045;A:HIS:9:NE2:4.304:138.4:0.3187;A:HOH:562:O:4.551:93.6:0.3005,4,1.302,true,3,/root/PDB_ZN/diffdock_inputs/receptors/1M65.pdb,/root/PDB_ZN/diffdock_outputs/1M65/1M65/rank4_confidence-2.11.sdf,Escherichia coli,YPVDLHMHTVASTHAYSTLSDYIAQAKQKGIKLFAITDHGPDMEDAPHHWHFINMRIWPRVVDGVGILRGIEANIKNVDGEIDCSGKMFDSLDLIIAGFHEPVFAPHDKATNTQAMIATIASGNVHIISHPGNPKYEIDVKAVAEAAAKHQVALEINNSSNCREVAAAVRDAGGWVALGSDSHTAFTMGEFEECLKILDAVDFPPERILNVSPRRLLNFLESRGMAPIAEFADL,1,0.465,0.014,407.512,108.779,54.436,54.343,29.0,1,0,15.834,0,largest_volume,3,3,0,HIS:A:15:2.058; HIS:A:40:2.075; HIS:A:194:2.141,A:300,
9FLN,9FLN,0.6416494751289686,3.02,1.4728553723279318,1.400,0.978,114;1;114,Crystal structure of the C-terminal domain of VldE H373A from Streptococcus pneumoniae,转录调控,2,"D=[2.28,2.30,2.30],A=[94.9,95.9,164.6]",1.4,5,0.5010,A:HOH:549:O:1.361::0.5308;A:HOH:502:O:1.628::0.6184;A:GLY:380:O:2.507::0.7921;A:HOH:606:O:3.369::0.4708;A:HOH:509:O:4.641::0.2945,9,1.473,true,3,/root/PDB_ZN/diffdock_inputs/receptors/9FLN.pdb,/root/PDB_ZN/diffdock_outputs/9FLN/9FLN/rank9_confidence-3.02.sdf,Streptococcus pneumoniae R6,NAGLQPQTAAFKEEIANLFGITSFSGYRPGDSGDHGKGLAIDFMVPERSELGDKIAEYAIQNMASRGISYIIWKQRFYAPFDSKYGPANTWNPMPDRGSVTENHYDAVHVSMNG,8,0.097,0.002,270.486,96.696,33.259,63.437,16.0,0,1,3.494,1,zn_priority,4,3,1,ASP:A:308:2.27; HIS:A:375:2.278; HIS:A:370:2.299; HIS:A:301:2.299,A:403,
3T9O,3T9O,0.8786761427222619,7.73,1.5102682176514743,2.358,0.000,228;2;114,Regulatory CZB domain of DgcZ,转录调控,2,"D=[2.15,2.20,2.23],A=[95.8,101.4,105.9]",2.4,1,0.6953,A:CYS:52:SG:2.320:103.0:0.8688,6,1.510;19.806,true,3,/root/PDB_ZN/diffdock_inputs/receptors/3T9O.pdb,/root/PDB_ZN/diffdock_outputs/3T9O/3T9O/rank6_confidence-7.73.sdf,Escherichia coli,EIDAILLNLNKAIDAHYQWLVSMFHSVVARDASKPEITDNHSYGLCQFGRWIDHLGPLDNDELPYVRLMDSAHQHMHNCGRELMLAIVENHWQDAHFDAFQEGLLSFTAALTDYKIYLLT,1,0.213,0.089,779.855,267.634,123.926,143.708,79.0,0,0,12.814,0,largest_volume,4,3,1,HIS:A:22:2.111; HIS:A:79:2.162; HIS:A:83:2.169; CYS:A:52:2.32,A:502,"Zn2@B:502: total=4, his=3, non_his=1, residues=HIS:B:83:2.15; HIS:B:79:2.202; HIS:B:22:2.229; CYS:B:52:2.344"
4LMY,4LMY,0.7297959809985517,5.26,1.5549015024212394,3.455,0.000,306;2;153,Structure of GAS PerR-Zn-Zn,转录调控,5,"D=[2.16,2.19,2.19,2.23,2.24],A=[84.2,89.4,89.7,89.9,90.8,91.4,93.0,95.2,174.2,179.1]",3.5,1,0.6353,A:ASN:15:ND2:2.202:91.9:0.7379,8,1.555;32.210,true,5,/root/PDB_ZN/diffdock_inputs/receptors/4LMY.pdb,/root/PDB_ZN/diffdock_outputs/4LMY/4LMY/rank8_confidence-5.26.sdf,Streptococcus pyogenes,MDIHSHQQALDAYENVLEHLREKHIRITETRKAIISYMIQSTEHPSADKIYRDLQPNFPNMSLATVYNNLKVLVDEGFVSELKISNDLTTYYDFMGHQHVNVVCEICGKIADFMDVDVMDIAKEAHEQTGYKVTRIPVIAYGICPDCQAKDQPDFLE,1,0.049,0.611,1592.64,445.251,221.761,223.49,211.0,3,0,7.771,0,largest_volume,6,5,1,HIS:B:99:2.143; HIS:B:6:2.154; HIS:B:19:2.16; HIS:B:4:2.197; HIS:B:97:2.197; ASN:B:15:2.205,B:201,"Zn1@A:201: total=6, his=5, non_his=1, residues=HIS:A:99:2.159; HIS:A:19:2.187; HIS:A:4:2.194; ASN:A:15:2.202; HIS:A:6:2.225; HIS:A:97:2.235"
2OBA,2OBA,0.8013620625947366,3.52,1.6722566049013767,1.399,0.000,718;6;120,Pseudomonas aeruginosa 6-pyruvoyl tetrahydrobiopterin synthase,转录调控,1,"D=[2.19,2.43,2.44],A=[85.4,95.8,102.6]",1.4,6,0.5589,A:HOH:262:O:2.082:86.7:0.6733;A:GLU:107:OE2:2.142:100.2:0.8246;A:HOH:257:O:2.521:102.1:0.7618;A:HOH:214:O:4.117:124.4:0.3454;D:HIS:68:NE2:4.286:88.6:0.3243;A:HOH:261:O:4.503:121.5:0.3058,6,1.672;16.795;27.741;29.952;31.697;37.704,true,3,/root/PDB_ZN/diffdock_inputs/receptors/2OBA.pdb,/root/PDB_ZN/diffdock_outputs/2OBA/2OBA/rank6_confidence-3.52.sdf,Pseudomonas aeruginosa,GSHELFKEFTFESAHRLPHVPEGHKCGRLHGHSFRVAIHIEGEVDPHTGWIRDFAEIKAIFKPIYEQLDHNYLNDIPGLENPTSENLCRWIWQQLKPLLPELSKVRVHETCTSGCEYRGD,3,0.112,0.221,864.65,233.234,57.407,175.827,101.0,3,1,3.508,1,zn_priority,4,3,1,GLU:B:107:2.058; HIS:B:28:2.14; HIS:B:30:2.31; HIS:B:13:2.352,B:200,"Zn1@A:200: total=4, his=3, non_his=1, residues=GLU:A:107:2.142; HIS:A:30:2.191; HIS:A:28:2.429; HIS:A:13:2.441 | Zn3@C:200: total=4, his=3, non_his=1, residues=HIS:C:30:2.218; HIS:C:13:2.313; HIS:C:28:2.333; GLU:C:107:3.101 | Zn4@D:200: total=4, his=3, non_his=1, residues=HIS:D:30:2.211; HIS:D:28:2.243; HIS:D:13:2.381; GLU:D:107:2.455 | Zn5@E:200: total=4, his=3, non_his=1, residues=HIS:E:28:2.339; HIS:E:30:2.415; GLU:E:107:2.452; HIS:E:13:2.453 | Zn6@F:200: total=4, his=3, non_his=1, residues=HIS:F:30:2.328; HIS:F:28:2.33; HIS:F:13:2.488; GLU:F:107:3.1"
1DZU,1DZU,0.8488967156335164,7.27,1.7213408098355625,1.592,0.000,209;1;209,L-Fuculose-1-Phosphate Aldolase from Escherichia coli Mutant T26A,其他,1,"D=[2.05,2.12,2.14],A=[101.1,104.1,111.0]",1.6,3,0.4592,P:GLU:73:OE2:2.114:112.5:0.8743;P:HOH:2012:O:4.008:110.3:0.3619;P:ALA:27:O:4.756:81.2:0.2798,10,1.721,true,3,/root/PDB_ZN/diffdock_inputs/receptors/1DZU.pdb,/root/PDB_ZN/diffdock_outputs/1DZU/1DZU/rank10_confidence-7.27.sdf,Escherichia coli,MERNKLARQIIDTCLEMTRLGLNQGAAGNVSVRYQDGMLITPTGIPYEKLTESHIVFIDGNGKHEEGKLPSSEWRFHMAAYQSRPDANAVVHNHAVHCTAVSILNRSIPAIHYMIAAAGGNSIPCAPYATFGTRELSEHVALALKNRKATLLQHHGLIACEVNLEKALWLAHEVEVLAQLYLTTLAITDPVPVLSDEEIAVVLEKFKTY,1,0.594,0.713,735.456,146.053,60.312,85.742,67.0,3,1,3.571,1,zn_priority,4,3,1,HIS:P:94:2.046; GLU:P:73:2.114; HIS:P:92:2.121; HIS:P:155:2.138,P:999,
3KHI,3KHI,0.7492988009579321,7.29,1.7439717225389422,2.133,0.000,219;1;219,Crystal structure of a Putative Metal-dependent Hydrolase (YP_001336084.1) from Klebsiella pneumoniae subsp. pneumoniae MGH 78578 at 1.95 A resolution,蛋白酶,4,"D=[1.89,1.95,2.02],A=[101.0,113.7,116.4]",2.1,3,0.4027,A:GLU:212:OE1:1.935:103.7:0.7515;A:GLU:150:OE2:4.454:80.5:0.3045;A:TYR:205:OH:4.842:115.6:0.2778,9,1.744,true,3,/root/PDB_ZN/diffdock_inputs/receptors/3KHI.pdb,/root/PDB_ZN/diffdock_outputs/3KHI/3KHI/rank9_confidence-7.29.sdf,Klebsiella pneumoniae subsp. pneumoniae MGH 78578,AEPWEQALAIPVLAHLSSTEQHKLTQAARFLQQKRLVALQGLELTPLHQARIALFCLPVLELGIEWLDGFHEVLIYPAPFGLVHNQRVVQQQGPVVLNWLDIQDSFDASGFNLVVHEVAHKLDTRNGDRASGVPLIPLREVAGWEHDLHAANNIQDEIDLVGESAASIDAYAATDPAECFAVLSEYFFSAPELFAPRFPALWQRFCHFYRQDPLARRRE,1,0.713,0.152,888.108,134.414,54.711,79.703,67.0,2,0,4.432,0,largest_volume,4,3,1,HIS:A:112:1.888; GLU:A:212:1.935; HIS:A:149:1.948; HIS:A:153:2.02,A:301,
2O03,2O03,0.8320232772845118,5.83,1.7634028244452793,1.996,0.000,129;1;129,Crystal structure of FurB from M. tuberculosis- a Zinc uptake regulator,转录调控,0,"D=[2.06,2.08,2.08],A=[90.0,105.5,111.6]",2.0,4,0.5696,A:ASP:62:OD2:2.002:109.9:0.8044;A:CYS:76:SG:2.348:104.2:0.8715;A:SER:77:N:4.346:75.1:0.3114;A:GLU:94:OE1:4.933:134.2:0.2679,10,1.763,true,3,/root/PDB_ZN/diffdock_inputs/receptors/2O03.pdb,/root/PDB_ZN/diffdock_outputs/2O03/2O03/rank10_confidence-5.83.sdf,Mycobacterium tuberculosis,ASAAGVRSTRQRAAISTLLETLDDFRSAQELHDELRRRGENIGLTTVYRTLQSMASSGLVDTLHTDTGESVYRRCSEHHHHHLVCRSCGSTIEVGDHEVEAWAAEVATKHGFSDVSHTIEIFGTCSDCR,8,0.113,0.018,465.705,196.917,106.76,90.156,48.0,1,0,3.985,1,zn_priority,4,3,1,GLU:A:101:2.009; HIS:A:82:2.058; HIS:A:80:2.077; HIS:A:118:2.085,A:203,
1PS6,1PS6,0.8845285424318365,3.14,1.7810012245183535,2.806,0.000,656;2;328,Crystal structure of E.coli PdxA,其他,1,"D=[2.15,2.19,2.29],A=[98.3,100.5,106.5]",2.8,2,0.3605,A:4TP:332:N:1.995:121.1:0.7454;A:MET:151:SD:4.664:90.9:0.2901,6,1.781;22.360,true,3,/root/PDB_ZN/diffdock_inputs/receptors/1PS6.pdb,/root/PDB_ZN/diffdock_outputs/1PS6/1PS6/rank6_confidence-3.14.sdf,Escherichia coli,VKTQRVVITPGEPAGIGPDLVVQLAQREWPVELVVCADATLLTNRAAMLGLPLTLRPYSPNSPAQPQTAGTLTLLPVALRAPVTAGQLAVENGHYVVETLARACDGCLNGEFAALITGPVHKGVINDAGIPFTGHTEFFEERSQAKKVVMMLATEELRVALATTHLPLRDIADAITPALLHEVIAILHHDLRTKFGIAEPRILVCGLNPHAGEGGHMGTEEIDTIIPVLNELRAQGMKLNGPLPADTLFQPKYLDNADAVLAMYHDQGLPVLKYQGFGRGVNITLGLPFIRTSVDHGTALELAGRGKADVGSFITALNLAIKMIVNTQ,1,0.455,0.15,734.174,115.577,33.459,82.119,71.0,4,1,3.516,1,zn_priority,3,3,0,HIS:A:166:1.918; HIS:B:211:2.108; HIS:A:266:2.355,A:330,"Zn2@B:331: total=3, his=3, non_his=0, residues=HIS:B:266:2.148; HIS:A:211:2.187; HIS:B:166:2.29"
7Y7O,7Y7O,0.8041276707709323,4.35,1.8799539794295494,3.075,0.000,147;1;147,Crystal structure of metallo-endoribonuclease YbeY from Staphylococcus aureus,转录调控,1,"D=[2.22,2.22,2.23],A=[94.0,96.5,96.6]",3.1,2,0.3937,A:CIT:202:O2:2.064:90.1:0.7002;A:HOH:321:O:4.248:84.7:0.3264,5,1.880,true,3,/root/PDB_ZN/diffdock_inputs/receptors/7Y7O.pdb,/root/PDB_ZN/diffdock_outputs/7Y7O/7Y7O/rank5_confidence-4.35.sdf,Staphylococcus aureus subsp. aureus Mu50,AFTIDFSDHTGLVKDAWYKQIEDLLEFAKKEEHIEDDAELSVTFVDKQEIQEINRTYRDKDKVTDVISFALPRVLGDIIICTDVAQEQANNYGHSFERELGFLALHGFLHLLGYDHMTEADEKEMFGRQDTILNAYGLTRDHHHHHH,2,0.27,0.001,590.309,104.14,65.912,38.228,34.0,2,1,3.622,1,zn_priority,3,3,0,HIS:A:124:2.216; HIS:A:120:2.222; HIS:A:130:2.231,A:201,
1TXL,1TXL,0.8112890180328339,0.27,2.171559697682187,1.400,13.695,188;1;188,"Crystal structure of metal-binding protein yodA from E. coli, Pfam DUF149",其他,2,"D=[1.93,2.16,2.41],A=[101.8,104.1,105.3]",1.4,5,0.4992,A:HOH:218:O:2.283:100.8:0.8488;A:HOH:268:O:3.945:88.6:0.3635;A:HOH:336:O:4.353:96.6:0.3201;A:HOH:449:O:4.825:88.6:0.2768;A:HOH:357:O:4.999:90.4:0.2645,3,2.172,true,3,/root/PDB_ZN/diffdock_inputs/receptors/1TXL.pdb,/root/PDB_ZN/diffdock_outputs/1TXL/1TXL/rank3_confidence-0.27.sdf,Escherichia coli,HGKPLTEVEQKAANGVFDDANVQNRTLSDWDGVWQSVYPLLQSGKLDPVFQKKADADKTKTFAEIKDYYHKGYATDIEMIGIEDGIVEFHRNNETTSCKYDYDGYKILTYKSGKKGVRYLFECKDPESKAPKYIQFSDHIIAPRKSSHFHIFMGNDSQQSLLNEMENWPTYYPYQLSSEEVVEEMMSH,14,-0.146,0.136,2104.961,606.978,280.173,326.806,236.0,5,1,3.407,1,zn_priority,3,3,0,HIS:A:177:1.927; HIS:A:166:2.164; HIS:A:175:2.412,A:216,
6J4C,6J4C,0.7888553307370075,1.15,2.1846595340896235,1.399,1.956,123;1;123,"Crystal structure of MarH, an epimerase for biosynthesis of Maremycins in Streptomyces, under 10 mM ZnSO4",转录调控,1,"D=[2.04,2.07,2.63],A=[93.6,97.7,104.9]",1.4,0,0.0000,,8,2.185,true,3,/root/PDB_ZN/diffdock_inputs/receptors/6J4C.pdb,/root/PDB_ZN/diffdock_outputs/6J4C/6J4C/rank8_confidence-1.15.sdf,Streptomyces sp. B9173,PADPEIVEGLPIPLAVAGHHQPAPFYLTADMFGGLPVQLAGGELSTLVGKPVAAPHTHPVDELYLLVSPNKGGARIEVQLDGRRHELLSPAVMRIPAGSEHCFLTLEAEVGSYCFGILLGDRL,1,0.262,0.784,712.405,198.063,48.636,149.427,91.0,3,2,3.413,1,zn_priority,4,3,1,HIS:A:107:2.041; HIS:A:64:2.07; GLU:A:68:2.352; HIS:A:62:2.627,A:202,
1KOP,1KOP,0.8335864209455045,0.14,2.342617121651884,1.973,0.000,446;2;223,NEISSERIA GONORRHOEAE CARBONIC ANHYDRASE,碳酸酐酶,1,"D=[2.12,2.12,2.15],A=[103.8,111.6,115.9]",2.0,7,0.7041,A:AZI:305:N1:2.157:112.5:0.9035;A:HOH:307:O:2.222:103.9:0.8980;A:THR:177:OG1:3.853:96.5:0.3804;A:GLU:98:OE1:3.910:72.5:0.3543;A:HOH:308:O:4.007:104.7:0.3617;A:HOH:365:O:4.179:103.9:0.3405;A:HOH:385:O:4.722:72.2:0.2787,1,2.343;46.243,true,3,/root/PDB_ZN/diffdock_inputs/receptors/1KOP.pdb,/root/PDB_ZN/diffdock_outputs/1KOP/1KOP/rank1_confidence-0.14.sdf,Neisseria gonorrhoeae,HTHWGYTGHDSPESWGNLSEEFRLCSTGKNQSPVNITETVSGKLPAIKVNYKPSMVDVENNGHTIQVNYPEGGNTLTVNGRTYTLKQFHFHVPSENQIKGRTFPMEAHFVHLDENKQPLVLAVLYEAGKTNGRLSSIWNVMPMTAGKVKLNQPFDASTLLPKRLKYYRFAGSLTTPPCTEGVSWLVLKTYDHIDQAQAEKFTRAVGSENNRPVQPLNARVVIE,3,0.262,0.188,341.036,75.036,19.485,55.551,27.0,2,1,3.423,1,zn_priority,3,3,0,HIS:B:111:2.06; HIS:B:92:2.094; HIS:B:94:2.128,B:302,"Zn1@A:301: total=3, his=3, non_his=0, residues=HIS:A:92:2.117; HIS:A:111:2.119; HIS:A:94:2.149"
8RHE,8RHE,0.8293774385192958,3.21,2.355762187307455,1.400,1.956,553;2;276,Lytic Transglycosylase MltD of Pseudomonas aeruginosa bound to the Natural Product Bulgecin A,其他,0,"D=[1.93,2.09,2.34],A=[87.0,104.5,113.7]",1.4,3,0.3959,A:HOH:636:O:2.339:106.0:0.8946;A:ASN:132:OD1:4.411:74.7:0.3054;B:ARG:198:NE:4.976:122.5:0.2671,7,2.356;21.451,true,3,/root/PDB_ZN/diffdock_inputs/receptors/8RHE.pdb,/root/PDB_ZN/diffdock_outputs/8RHE/8RHE/rank7_confidence-3.21.sdf,Pseudomonas aeruginosa,HHHHSSGENLYFQGIWDRMRDGFQLQDAISTNPRIERQRLWFLSNQSFLEQSSARGSLYMHYVVERLEERNMPLELALLPVIESAYNPFALSRSNAAGLWQFIPATGQHFNLRQTNFYDGRRDITASTNAALTYLERLHDMFNGDWMLALAAYNAGEGTVSRAIERNEKLGLPTDYWNLPLPQETQDYVPKLLALSQIVMAPDSYGISLNPINNEPYFQAVRVKRGIDLSSVAALANLDEDELYQLNPAYKRRVTMDGPQQLLVPMEKAAFLTASLD,16,0.023,0.008,313.348,81.831,27.946,53.884,27.0,2,1,3.422,1,zn_priority,3,3,0,HIS:A:64:1.896; HIS:A:62:2.078; HIS:B:170:2.285,A:402,"Zn4@B:403: total=3, his=3, non_his=0, residues=HIS:B:64:1.931; HIS:A:170:2.089; HIS:B:62:2.343"
1FSJ,1FSJ,0.8674445330156885,2.57,2.4875917894754886,1.721,0.000,530;4;132,CRYSTAL STRUCTURE OF THE E9 DNASE DOMAIN,转录调控,2,"D=[2.08,2.08,2.17],A=[95.9,97.3,112.1]",1.7,3,0.6162,B:PO4:801:O3:1.944:106.9:0.7660;B:HOH:932:O:2.969:82.7:0.5261;B:HIS:103:N:4.001:113.9:0.3625,8,2.488;10.193;29.101;29.461,true,3,/root/PDB_ZN/diffdock_inputs/receptors/1FSJ.pdb,/root/PDB_ZN/diffdock_outputs/1FSJ/1FSJ/rank8_confidence-2.57.sdf,Escherichia coli,MESKRNKPGKATGKGKPVGDKWLDDAGKDSGAPIPDRIADKLRDKEFKSFDDFRKAVWEEVSKDPELSKNLNPSNKSSVSKGYSPFTPKNQQVGGRKVYELHHDKPISQGGEVYDMDNIRVTTPKRHIDIHRGK,3,0.125,0.002,236.329,31.127,13.012,18.114,21.0,3,1,3.404,1,zn_priority,3,3,0,HIS:B:131:2.069; HIS:B:127:2.076; HIS:B:102:2.08,B:901,"Zn2@C:902: total=3, his=3, non_his=0, residues=HIS:C:302:2.064; HIS:C:331:2.082; HIS:C:327:2.093 | Zn3@D:903: total=3, his=3, non_his=0, residues=HIS:D:531:2.077; HIS:D:502:2.081; HIS:D:527:2.172 | Zn4@E:904: total=3, his=3, non_his=0, residues=HIS:E:731:2.066; HIS:E:702:2.108; HIS:E:727:2.141"
3TGN,3TGN,0.7979632007328463,6.22,2.6130985786746237,3.505,0.000,281;2;140,Crystal Structure of the zinc-dependent MarR Family Transcriptional Regulator AdcR in the Zn(II)-bound State,转录调控,0,"D=[2.02,2.03,2.04],A=[99.4,105.6,108.0]",3.5,2,0.3822,A:GLU:24:OE1:1.955:108.7:0.7752;A:ASN:38:ND2:4.419:104.3:0.3149,7,2.613;24.566,true,3,/root/PDB_ZN/diffdock_inputs/receptors/3TGN.pdb,/root/PDB_ZN/diffdock_outputs/3TGN/3TGN/rank7_confidence-6.22.sdf,Streptococcus pneumoniae,MRQLAKDINAFLNEVILQAENQHEILIGHCTSEVALTNTQEHILMLLSEESLTNSELARRLNVSQAAVTKAIKSLVKEGMLETSKDSKDARVIFYQLTDLARPIAEEHHHHHEHTLLTYEQVATQFTPNEQKVIQRFLTALVGEIK,9,0.003,0.001,199.199,53.357,32.431,20.926,18.0,1,1,3.415,1,zn_priority,4,3,1,GLU:A:24:1.955; HIS:A:112:1.994; HIS:A:42:2.029; HIS:A:108:2.053,A:147,"Zn3@B:147: total=4, his=3, non_his=1, residues=GLU:B:24:1.978; HIS:B:42:2.025; HIS:B:108:2.026; HIS:B:112:2.036"
1QRG,1QRG,1.0,0.65,2.692053951659377,4.910,7.825,618;3;206,A CLOSER LOOK AND THE ACTIVE SITE OF GAMMA-CARBONIC ANHYDRASES: HIGH RESOLUTION CRYSTALLOGRAPHIC STUDIES OF THE CARBONIC ANHYDRASE FROM METHANOSARCINA THERMOPHILA,碳酸酐酶,0,"D=[2.19,2.23,2.31],A=[95.1,101.0,116.8]",4.9,7,1.0000,A:HOH:289:O:2.025:119.2:0.7727;A:HOH:288:O:2.156:92.6:0.7412;A_2:GLN:75:OE1:3.936:110.5:0.3716;A:HOH:238:O:3.996:103.0:0.3628;A:HOH:273:O:4.019:113.7:0.3603;A:ALA:82:N:4.257:115.8:0.3315;A:GLU:62:OE1:4.521:123.0:0.3038,1,2.692;25.994;26.017,true,3,/root/PDB_ZN/diffdock_inputs/receptors/1QRG.pdb,/root/PDB_ZN/diffdock_outputs/1QRG/1QRG/rank1_confidence-0.65.sdf,Methanosarcina thermophila,FSNIRENPVTPWNPEPSAPVIDPTAYIDPQASVIGEVTIGANVMVSPMASIRSDEGMPIFVGDRSNVQDGVVLHALETINEEGEPIEDNIVEVDGKEYAVYIGNNVSLAHQSQVHGPAAVGDDTFIGMQAFVFKSKVGNNCVLEPRSAAIGVTIPDGRYIPAGMVVTSQAEADKLPEVTDDYAYSHTNEAVVYVNVHLAEGYKETS,2,0.157,0.426,373.351,116.896,33.569,83.326,46.0,0,1,3.437,1,zn_priority,3,3,0,HIS:C:117:2.194; HIS:B:122:2.234; HIS:B:81:2.307,B:214,"Zn1@A:214: total=3, his=3, non_his=0, residues=HIS:B:117:2.194; HIS:A:122:2.234; HIS:A:81:2.307 | Zn3@C:214: total=3, his=3, non_his=0, residues=HIS:A:117:2.194; HIS:C:122:2.234; HIS:C:81:2.307"
4E5V,4E5V,0.8770194751873222,1.61,2.934690986483363,1.831,0.000,551;2;276,Crystal structure of a Putative thua-like protein (PARMER_02418) from Parabacteroides merdae ATCC 43184 at 1.75 A resolution,蛋白酶,4,"D=[2.07,2.11,2.16],A=[96.0,98.8,113.8]",1.8,5,0.5763,A:GLU:198:OE1:2.120:92.0:0.7290;A:HOH:700:O:2.443:84.9:0.6534;A:EDO:403:O2:2.567:96.5:0.7071;A:TYR:200:OH:4.082:83.0:0.3434;A:EDO:408:O2:4.660:69.9:0.2824,2,2.935;35.217,true,3,/root/PDB_ZN/diffdock_inputs/receptors/4E5V.pdb,/root/PDB_ZN/diffdock_outputs/4E5V/4E5V/rank2_confidence-1.61.sdf,Parabacteroides merdae,RKPIKTLLITGQNNHNWQVSHVVLKQILENSGRFDVDFVISPEQGKDSGFVLDFSPYQLVVLDYNGDSWPEETNRRFLEYVQNGGGVVIYHAADNAFSKWPEFNRICALGGWEGRNENSGPYVYWKDGKLVKDSSAGPGGSHGRQHEYVLNGRDKVHPVVKGLPLKWRHAKDELYDRRGPGNIRDILYTAYSDKETNGSGREEPLVFTVDYGNARIFHTLGHAGATTEDNIAQCTGFQVLLLRGAEWAATGKVTQKVPKDFPTETTCSYRKDYKEN,3,0.449,0.126,466.855,79.368,45.555,33.814,45.0,3,1,3.449,1,zn_priority,4,3,1,GLU:B:198:2.088; HIS:B:249:2.097; HIS:B:39:2.105; HIS:B:116:2.126,B:401,"Zn1@A:401: total=4, his=3, non_his=1, residues=HIS:A:39:2.069; HIS:A:116:2.106; GLU:A:198:2.12; HIS:A:249:2.161"
6N9A,6N9A,0.8107485661336981,3.33,2.9775756396998423,1.610,0.000,702;3;234,Crystal Structure of Thermotoga maritima threonylcarbamoyladenosine biosynthesis complex TsaB2D2E2 bound to ATP and carboxy-AMP,其他,0,"D=[1.96,2.06,2.16],A=[97.2,98.8,105.3]",1.6,6,0.5619,D:HOH:503:O:1.832:93.3:0.6554;D:ASP:296:OD1:2.093:91.4:0.7180;D:HOH:535:O:2.283:96.0:0.7859;D:HOH:537:O:4.252:75.5:0.3207;D:HOH:517:O:4.556:82.5:0.2964;D:HOH:538:O:4.803:114.9:0.2809,6,2.978,true,3,/root/PDB_ZN/diffdock_inputs/receptors/6N9A.pdb,/root/PDB_ZN/diffdock_outputs/6N9A/6N9A/rank6_confidence-3.33.sdf,Thermotoga maritima,EGRMRVLGIETSCDETAVAVLDDGKNVVVNFTVSQIEVHQKFGGVVPEVAARHHLKNLPILLKKAFEKVPPETVDVVAATYGPGLIGALLVGLSAAKGLAISLEKPFVGVNHVEAHVQAVFLANPDLKPPLVVLMVSGGHTQLMKVDEDYSMEVLGETLDDSAGEAFDKVARLLGLGYPGGPVIDRVAKKGDPEKYSFPRPMLDDDSYNFSFAGLKTSVLYFLQREKGYKVEDVAASFQKAVVDILVEKTFRLARNLGIRKIAFVGGVAANSMLREEVRKRAERWNYEVFFPPLELCTDNALMVAKAGYEKAKRGMFSPLSLNADPNLNV,4,0.205,0.672,700.682,185.256,72.075,113.18,80.0,3,1,3.499,1,zn_priority,4,3,1,HIS:D:113:1.961; HIS:D:109:2.056; ASP:D:296:2.093; HIS:D:137:2.161,D:402,
2XQC,2XQC,0.7873833873817558,1.33,3.1821071572598574,2.234,0.000,261;2;130,DEINOCOCCUS RADIODURANS ISDRA2 TRANSPOSASE COMPLEXED WITH LEFT END RECOGNITION AND CLEAVAGE SITE AND ZN,碳酸酐酶,5,"D=[1.97,2.04,2.04],A=[104.3,107.3,111.2]",2.2,4,0.5775,C:DG:6:OP1:2.005:113.2:0.7989;C:DT:5:O3':3.333:87.8:0.4605;C:HOH:2013:O:3.962:84.3:0.3585;A:HOH:2034:O:4.859:72.2:0.2689,3,3.182;29.432,true,3,/root/PDB_ZN/diffdock_inputs/receptors/2XQC.pdb,/root/PDB_ZN/diffdock_outputs/2XQC/2XQC/rank3_confidence-1.33.sdf,DEINOCOCCUS RADIODURANS,EMKKGRGYVYQLEYHLIWCVKYRHQVLVGEVADGLKDILRDIAAQNGLEVITMEVMPDHVHLLLSATPQQAIPDFVKALKGASARRMFVAYPQLKEKLWGGNLWNPSYCILTVSENTRAQIQKYIESQHDKE,12,0.118,0.005,588.911,154.004,96.267,57.737,44.0,0,1,3.417,1,zn_priority,3,3,0,HIS:A:67:1.995; HIS:A:69:2.002; HIS:D:137:2.039,A:1138,"Zn6@D:1141: total=3, his=3, non_his=0, residues=HIS:D:67:1.974; HIS:A:137:2.038; HIS:D:69:2.043"
2O1Q,2O1Q,0.7364742570679765,3.71,3.1851871090021997,6.647,0.000,278;2;139,CRYSTAL STRUCTURE OF A PUTATIVE ACETYLACETONE DIOXYGENASE (MPE_A3659) FROM METHYLIBIUM PETROLEIPHILUM PM1 AT 1.50 A RESOLUTION,蛋白酶,4,"D=[1.71,2.04,2.06],A=[92.8,107.9,108.0]",6.6,2,0.3859,A:ACT:149:OXT:1.813:114.4:0.6930;A:THR:104:OG1:4.393:88.9:0.3137,10,3.185;25.183,true,3,/root/PDB_ZN/diffdock_inputs/receptors/2O1Q.pdb,/root/PDB_ZN/diffdock_outputs/2O1Q/2O1Q/rank10_confidence-3.71.sdf,Methylibium petroleiphilum,LKSKIKEEYVQDQVDWKPFPAAFSTGGIRWKLLHVSPEGSWTAIFDCPAGSSFAAHVHVGPGEYFLTKGKDVRGGKAAGGDTAIAPGYGYESANARHDKTEFPVASEFYSFLGPLTFVKPDGSPIAVIGWEDAQGAWAA,2,0.515,0.622,243.014,40.013,0.0,40.013,45.0,2,1,3.403,1,zn_priority,3,3,0,HIS:A:101:1.691; HIS:A:59:1.979; HIS:A:61:2.083,A:145,"Zn2@B:145: total=3, his=3, non_his=0, residues=HIS:B:101:1.711; HIS:B:61:2.043; HIS:B:59:2.058"
2PW6,2PW6,0.8444209994661475,5.2,3.2453143963881663,1.400,9.782,234;1;234,Crystal structure of uncharacterized protein JW3007 from Escherichia coli K12,其他,4,"D=[1.98,2.29,2.40],A=[94.5,110.8,112.7]",1.4,4,0.4321,A:HOH:277:O:2.692:91.5:0.6355;A:ASN:174:OD1:4.176:74.4:0.3273;A:HIS:177:NE2:4.183:116.8:0.3398;A:ASP:120:OD2:4.861:122.5:0.2755,9,3.245,true,3,/root/PDB_ZN/diffdock_inputs/receptors/2PW6.pdb,/root/PDB_ZN/diffdock_outputs/2PW6/2PW6/rank9_confidence-5.20.sdf,Escherichia coli,RPALFLGHGPNVLEDNLYTRSWQKLGTLPRPQAIVVVSAHWFTRGTGVTAETLYDTHYPAPGSPALAQRLVELLAPIPVTLDKEAWGFDHGSWGVLIKYPDADIPVQLSIDSSKPAAWHFEGRKLAALRDEGILVASGNVVHNLRTVKWHGDSSPYPWATSFNEYVKANLTWQGPVEQHPLVNYLDHEGGTLSNPTPEHYLPLLYVLGAWDGQEPITIPVEGIEGSLSLSVQIG,4,0.19,0.65,581.924,186.933,36.54,150.393,52.0,4,2,3.493,1,zn_priority,3,3,0,HIS:A:234:1.982; HIS:A:57:2.285; HIS:A:22:2.4,A:272,
2QLA,2QLA,0.846172769878031,1.63,3.6412012764026587,3.070,0.000,424;4;106,Crystal Structure of a 16-Helix Bundle Architecture Produced by the Zinc-Mediated Self Assembly of Four Cytochrome cb562 Molecules,转录调控,0,"D=[2.02,2.07,2.22],A=[93.3,101.3,125.7]",3.1,1,0.7151,C:ASP:74:OD2:2.254:102.9:0.8832,4,3.641;7.786;8.731;9.075,true,3,/root/PDB_ZN/diffdock_inputs/receptors/2QLA.pdb,/root/PDB_ZN/diffdock_outputs/2QLA/2QLA/rank4_confidence-1.63.sdf,Escherichia coli,ADLEDNMETLNDNLKVIEKADNAAQVKDALTKMRAAALDAQKATPPKLEDKSPDSPEMHDFRHGFDILVGQIHDALHLANEGKVKEAQAAAEQLKTTCNACHQKYR,2,0.23,0.982,1484.87,379.925,149.189,230.736,215.0,4,0,4.686,0,largest_volume,4,3,1,HIS:B:77:2.001; HIS:C:63:2.036; ASP:D:74:2.095; HIS:B:73:2.199,B:502,"Zn1@A:500: total=4, his=3, non_his=1, residues=HIS:A:73:2.096; HIS:A:77:2.134; HIS:D:63:2.179; ASP:C:74:2.254 | Zn3@C:501: total=4, his=3, non_his=1, residues=HIS:C:73:2.023; HIS:C:77:2.066; HIS:B:63:2.215; ASP:A:74:2.26 | Zn4@D:503: total=4, his=3, non_his=1, residues=HIS:D:77:2.029; HIS:A:63:2.047; ASP:B:74:2.112; HIS:D:73:2.29"
1FR2,1FR2,0.7917798262004201,2.02,3.667923153976381,2.165,0.000,214;2;107,CRYSTAL STRUCTURE OF THE E9 DNASE DOMAIN WITH A MUTANT IMMUNITY PROTEIN IM9(E41A),其他,2,"D=[2.00,2.05,2.05],A=[101.7,103.1,106.1]",2.2,4,0.4979,B:PO4:403:O3:1.866:105.0:0.7196;B:HOH:488:O:3.757:80.2:0.3814;B:HIS:103:N:3.907:118.6:0.3743;B:LEU:101:O:4.864:95.0:0.2751,2,3.668,true,3,/root/PDB_ZN/diffdock_inputs/receptors/1FR2.pdb,/root/PDB_ZN/diffdock_outputs/1FR2/1FR2/rank2_confidence-2.02.sdf,Escherichia coli,ESKRNKPGKATGKGKPVGDKWLDDAGKDSGAPIPDRIADKLRDKEFKSFDDFRKAVWEEVSKDPELSKNLNPSNKSSVSKGYSPFTPKNQQVGGRKVYELHHDKPISQGGEVYDMDNIRVTTPKRHIDIHR,8,0.185,0.004,291.327,70.045,32.608,37.436,19.0,2,1,3.418,1,zn_priority,3,3,0,HIS:B:102:1.996; HIS:B:131:2.045; HIS:B:127:2.047,B:301,
3H3E,3H3E,0.8187554347771071,4.2,3.9637403012092753,1.400,3.913,252;1;252,"Crystal structure of Tm1679, A METAL-DEPENDENT HYDROLASE OF THE BETA-LACTAMASE SUPERFAMILY",蛋白酶,0,"D=[2.19,2.29,2.37],A=[89.4,96.0,99.7]",1.4,3,0.3910,A:CYS:168:SG:3.571:93.5:0.4230;A:HIS:62:NE2:4.147:120.2:0.3432;A:ASP:61:OD1:4.517:96.7:0.3043,7,3.964,true,3,/root/PDB_ZN/diffdock_inputs/receptors/3H3E.pdb,/root/PDB_ZN/diffdock_outputs/3H3E/3H3E/rank7_confidence-4.20.sdf,Thermotoga maritima,HRIHVLCDDSSQNGFESEHGFSVLVDSVLFDTGKSDVFLKNARKLGIDLPKDVLISHGHYDHAGGLLYLSGKRVWLRKEALDQKYSGERYAGADWNEVLYYNTGKFVIERITEIGKNFLLGPANLRGKVPTGDFFVERNGERRKDLFEDEQTLVVRTKEGLVVITGCSHRGIDNILLDIAETFNERIKVVGGFHLLKSSDDEIEKIVKAFNELGVETVVPCHCTGERAVDIFKREFLGKIDCYAGLKLEVSD,7,0.19,0.071,423.789,141.835,55.574,86.261,44.0,4,1,3.928,1,zn_priority,3,3,0,HIS:A:59:2.192; HIS:A:57:2.291; HIS:A:170:2.371,A:256,
2F6S,2F6S,0.7877844750298347,3.74,4.007332724390702,2.109,0.000,352;2;176,Structure of cell filamentation protein (fic) from Helicobacter pylori,转录调控,4,"D=[2.06,2.08,2.08],A=[107.3,113.1,113.1]",2.1,3,0.4515,B:PO4:1001:O2:1.974:109.7:0.7866;B:HOH:5504:O:4.092:117.3:0.3505;B:ASN:102:ND2:4.618:77.8:0.2893,7,4.007;15.251,true,3,/root/PDB_ZN/diffdock_inputs/receptors/2F6S.pdb,/root/PDB_ZN/diffdock_outputs/2F6S/2F6S/rank7_confidence-3.74.sdf,Helicobacter pylori,GHHLDRQSLEKAKHLIQSGLIDTIEVGTIKGLQEIHRFLFEGLYEFAGKIRDKNIAKGNFRFANCLYLDLILPRIESPQNNFNQIVEKYVENIAHPFLEGNGRATRIWLDLLLKKELKKIVLWDRIDKAAYLSAERSPVNDLEIKTLLKKHLSSNTNDPLTLIKGITQSYYYEGLG,25,-0.106,0.042,1184.467,358.53,174.97,183.559,129.0,2,1,3.462,1,zn_priority,3,3,0,HIS:A:0:2.047; HIS:A:2:2.058; HIS:B:96:2.07,A:1101,"Zn2@B:5501: total=3, his=3, non_his=0, residues=HIS:B:0:2.061; HIS:B:2:2.076; HIS:A:96:2.079"
3ZFJ,3ZFJ,0.6645291205540239,4.01,4.129075160570813,2.338,0.000,119;1;119,N-terminal domain of pneumococcal PhtD protein with bound Zn(II),转录调控,5,"D=[1.66,1.68,2.01],A=[98.7,99.7,103.2]",2.3,4,0.4275,A:GLU:63:OE1:1.694:111.5:0.6442;A:TYR:90:OH:3.829:145.0:0.3654;A:GLU:52:OE1:4.866:134.6:0.2726;A:SER:60:OG:4.968:111.4:0.2686,6,4.129,true,3,/root/PDB_ZN/diffdock_inputs/receptors/3ZFJ.pdb,/root/PDB_ZN/diffdock_outputs/3ZFJ/3ZFJ/rank6_confidence-4.01.sdf,STREPTOCOCCUS PNEUMONIAE,SYIDGDQAGQKAENLTPDEVSKREGINAEQIVIKITDQGYVTSHGDHYHYYNGKVPYDAIISEELLMKDPNYQLKDSDIVNEIKGGYVIKVDGKYYVYLKDAAHADNIRTKEEIKRQKQ,1,0.167,0.169,679.1,195.802,77.455,118.348,57.0,0,0,9.157,0,largest_volume,4,3,1,HIS:A:83:1.983; GLU:A:63:1.998; HIS:A:86:2.007; HIS:A:88:2.019,A:1159,
6R1G,6R1G,0.7674727538583472,0.93,4.205033763834067,2.328,0.000,296;2;148,"Crystal structure of Borrelia burgdorferi periplasmic protein BB0365 (IPLA7, p22)",转录调控,4,"D=[1.94,1.99,2.03],A=[105.7,109.5,114.8]",2.3,8,0.4778,B:ASN:194:O:2.015:112.6:0.8076;A:HOH:372:O:4.236:79.2:0.3245;B:HOH:334:O:4.600:99.6:0.2973;A:HOH:375:O:4.653:101.6:0.2930;B:THR:193:O:4.709:119.4:0.2880;A:LEU:139:O:4.728:90.8:0.2848;B:PG4:204:O5:4.740:78.4:0.2800;B:HOH:336:O:5.000:92.6:0.2649,2,4.205;31.665,true,3,/root/PDB_ZN/diffdock_inputs/receptors/6R1G.pdb,/root/PDB_ZN/diffdock_outputs/6R1G/6R1G/rank2_confidence-0.93.sdf,Borrelia burgdorferi (strain ATCC 35210 / B31 / CIP 102532 / DSM 4680),KIDEHTIGHVFHAMGVVHSKKDRKSLGKNIKVFYFSEEDGHFQTIPSKENAKLIVYFYDNVYAGEAPISISGKEAFIFVGITPDFKKIINSNLHGAKSDLIGTFKDLNIKNSKLEITVDENNSDAKTFLESVNYIIDGVEKISPMLTN,6,0.175,0.248,472.318,136.076,62.41,73.665,54.0,3,0,3.887,1,zn_priority,3,3,0,HIS:A:51:1.963; HIS:A:140:1.984; HIS:A:55:1.985,A:201,"Zn2@B:201: total=3, his=3, non_his=0, residues=HIS:B:51:1.944; HIS:B:140:1.986; HIS:B:55:2.032"
2W57,2W57,0.8888629454380219,1.89,4.2957336333615395,2.136,0.000,262;2;131,Crystal structure of the Vibrio cholerae ferric uptake regulator (Fur) reveals structural rearrangement of the DNA-binding domains,转录调控,2,"D=[2.07,2.14,2.36],A=[101.4,102.9,120.0]",2.1,5,0.5549,A:ASP:89:OD2:1.951:115.8:0.7575;A:GLU:108:OE2:2.091:114.9:0.8415;A:HOH:2042:O:3.478:131.3:0.4332;A:GLN:111:OE1:4.464:117.8:0.3101;A:HIS:88:O:4.862:109.0:0.2764,2,4.296;26.671,true,3,/root/PDB_ZN/diffdock_inputs/receptors/2W57.pdb,/root/PDB_ZN/diffdock_outputs/2W57/2W57/rank2_confidence-1.89.sdf,VIBRIO CHOLERAE,DNNQALKDAGLKVTLPRLKILEVLQQPECQHISAEELYKKLIDLGEEIGLATVYRVLNQFDDAGIVTRHHFEGGKSVFELSTQHHHDHLVCLDCGEVIEFSDDVIEQRQKEIAAKYNVQLTNHSLYLYGKC,1,0.167,0.002,1542.183,393.056,214.327,178.729,141.0,10,0,3.884,1,zn_priority,4,3,1,HIS:B:33:2.04; GLU:B:81:2.078; HIS:B:88:2.085; HIS:B:90:2.182,B:202,"Zn2@A:202: total=4, his=3, non_his=1, residues=GLU:A:81:2.068; HIS:A:88:2.074; HIS:A:33:2.142; HIS:A:90:2.36"
3C37,3C37,0.8232984044710474,0.17,4.508471633619735,34.177,0.000,433;2;216,X-ray structure of the putative Zn-dependent peptidase Q74D82 at the resolution 1.7 A. Northeast Structural Genomics Consortium target GsR143A,蛋白酶,3,"D=[2.05,2.06,2.07],A=[96.3,109.6,116.0]",34.2,2,0.3866,A:GLU:162:OE2:1.948:113.9:0.7635;A:GLU:107:OE2:4.382:80.2:0.3109,2,4.508;44.128,true,3,/root/PDB_ZN/diffdock_inputs/receptors/3C37.pdb,/root/PDB_ZN/diffdock_outputs/3C37/3C37/rank2_confidence-0.17.sdf,Geobacter sulfurreducens PCA,KGFNISIEQEKELGNKFAVEIEKQQQPVNDPEVQRYVDKVGKRLLSGARAVEFDYVFKVVKDDSVNAFAIPGGRVYVHTGLLKAADNETELAGVLAHEINHAVARHGTRQTQEYGYSLVLSLVLGDNLAQLAGQLFGKAGSYSREYENQADFLGVETYKAGYNPNGLTSFFQKLNATHPLTSERIQRVQAEIAKLPPQRYLTDETEFKKIKGRLKLE,3,0.366,0.003,796.761,190.278,112.99,77.288,82.0,0,0,22.932,0,largest_volume,4,3,1,GLU:A:162:1.948; HIS:A:208:2.046; HIS:A:110:2.059; HIS:A:106:2.071,A:301,"Zn2@B:301: total=4, his=3, non_his=1, residues=GLU:B:162:1.956; HIS:B:106:2.05; HIS:B:208:2.086; HIS:B:110:2.089"
6P1G,6P1G,0.7982891859113433,1.47,5.014559710603036,2.198,0.000,244;2;122,Copper-bound PCuAC domain from PmoF2,转录调控,2,"D=[2.08,2.13,2.16],A=[107.5,114.7,121.0]",2.2,3,0.4700,A:GLU:113:OE1:1.933:109.6:0.7625;A:PRO:86:O:3.973:104.7:0.3662;A:GLN:54:NE2:4.595:93.5:0.2966,5,5.015,true,3,/root/PDB_ZN/diffdock_inputs/receptors/6P1G.pdb,/root/PDB_ZN/diffdock_outputs/6P1G/6P1G/rank5_confidence-1.47.sdf,Methylosinus trichosporium OB3b,MHEYAVGKIKIEHPWLRAPLEGETRAQLYMLVVNSADRPDRLIGVKSADFRSVQFHIAPHLVAREDAIYLPPLSRVTMAPGGSHVELVDISKMNPVGWAAEMTLVFEKAGEVTIDAAVEAPDAMHAH,11,0.086,0.006,205.901,76.901,23.705,53.196,18.0,2,1,4.108,1,zn_priority,4,3,1,GLU:A:113:1.933; HIS:A:111:2.078; HIS:A:83:2.125; HIS:A:87:2.158,A:202,
5CZW,5CZW,0.8403207671287236,0.94,5.064877329395451,2.521,0.000,224;1;224,Crystal structure of myroilysin,转录调控,1,"D=[2.06,2.12,2.31],A=[103.9,106.6,107.7]",2.5,5,0.5103,A:CYS:28:SG:2.319:108.2:0.9271;A:HOH:514:O:4.039:68.3:0.3363;A:HOH:502:O:4.193:76.2:0.3270;A:HOH:497:O:4.210:108.8:0.3372;A:GLU:143:OE2:4.314:94.5:0.3236,1,5.065,true,3,/root/PDB_ZN/diffdock_inputs/receptors/5CZW.pdb,/root/PDB_ZN/diffdock_outputs/5CZW/5CZW/rank1_confidence-0.94.sdf,Myroides profundi,GLKELRAVPKADIVSGFEGAVCKDVYPKGSTWPNGSVITVGLYGGTPYVRSKVQYAQEWSNYANITFNFVESGTPQIRVTFTQGAGSYSYLGTQALSIPSNEETMNFGWFDDSTSDTEFSRTVIHEFGHALGMIHEHQHPLTNIPWDKNKVYAYYAGYPNYWSKDVDNNLFATYSTTQTQYSAYDTQSIMHYSISSALTTNGFSVGNNSVLSATDQFIATVYPR,2,0.323,0.144,514.94,158.61,88.568,70.042,37.0,0,0,20.092,0,largest_volume,4,3,1,HIS:A:152:2.061; HIS:A:146:2.115; HIS:A:142:2.311; CYS:A:28:2.319,A:301,
6CQG,6CQG,0.7807870841243661,1.1,5.482151661395675,1.399,9.782,98;1;98,YycF Effector Domain Structure without DNA bound,转录调控,2,"D=[2.11,2.26,2.52],A=[110.5,115.3,121.1]",1.4,1,0.2728,A:THR:184:OG1:4.642:144.6:0.2859,2,5.482,true,3,/root/PDB_ZN/diffdock_inputs/receptors/6CQG.pdb,/root/PDB_ZN/diffdock_outputs/6CQG/6CQG/rank2_confidence-1.10.sdf,Streptococcus pneumoniae,PIQIGDLEIVPDAYVAKKYGEELDLTHREFELLYHLASHTGQVITREHLLETVWGYDYFGDVRTVDVTVRRLREKIEDTPSRPEYILTRRGVGYYMRN,1,0.37,0.0,299.618,77.829,45.223,32.606,42.0,0,0,14.451,0,largest_volume,3,3,0,HIS:A:167:2.107; HIS:A:171:2.263; HIS:A:180:2.516,A:301,
2GWG,2GWG,0.8865078745289617,1.33,5.540724635106313,1.400,0.000,637;2;318,"Crystal Structure of 4-Oxalomesaconate Hydratase, LigJ, from Rhodopseudomonas palustris, Northeast Structural Genomics Target RpR66.",蛋白酶,3,"D=[2.16,2.18,2.31],A=[93.6,99.5,127.3]",1.4,6,0.5524,A:HOH:506:O:2.420:100.6:0.8000;A:GLU:284:OE1:2.451:107.9:0.8277;A:HOH:686:O:2.591:99.1:0.7123;A:HOH:486:O:4.465:105.6:0.3105;A:HOH:687:O:4.584:105.1:0.2993;A:HIS:223:NE2:4.873:102.8:0.2753,1,5.541;27.618,true,3,/root/PDB_ZN/diffdock_inputs/receptors/2GWG.pdb,/root/PDB_ZN/diffdock_outputs/2GWG/2GWG/rank1_confidence-1.33.sdf,Rhodopseudomonas palustris,IIDIHGHYTTAPKALEDWRNRQIAGIKDPSVPKVSELKISDDELQASIIENQLKKQERGSDLTVFSPRAGDFNVSSTWAAICNELCYRVSQLFPDNFIGAALPQSPGVDPKTCIPELEKCVKEYGFVAINLNPDPSGGHWTSPPLTDRIWYPIYEKVELEIPAIHVSTGAHYLNADTTAFQCVAGDLFKDFPELKFVIPHGGGAVPYHWGRFRGLAQEKKPLLEDHVLNNIFFDTCVYHQPGIDLLNTVIPVDNVLFASEIGAVRGIDPRTGFYYDDTKRYIEASTILTPEEKQQIYEGNARRVYPRLDAALKAKGKLEH,13,0.042,0.002,447.281,125.969,59.55,66.42,38.0,3,1,3.43,1,zn_priority,4,3,1,HIS:B:6:2.165; HIS:B:8:2.181; HIS:B:178:2.313; GLU:B:284:2.487,B:401,"Zn1@A:401: total=4, his=3, non_his=1, residues=HIS:A:8:2.2; HIS:A:6:2.228; HIS:A:178:2.446; GLU:A:284:2.451"
6R3R,6R3R,0.7671527705017721,1.54,5.9299500408417956,1.400,5.869,492;1;492,First crystal structure of endo-levanase BT1760 from Bacteroides thetaiotaomicron,转录调控,1,"D=[2.00,2.01,2.05],A=[109.1,110.4,112.8]",1.4,1,0.2831,A:GLY:27:O:4.367:71.0:0.3070,3,5.930,true,3,/root/PDB_ZN/diffdock_inputs/receptors/6R3R.pdb,/root/PDB_ZN/diffdock_outputs/6R3R/6R3R/rank3_confidence-1.54.sdf,Bacteroides thetaiotaomicron,GTATYFQSSDEHGFSMYYKPQVGFVGDPMPFYDPVAKDFKVMYLQDYRPNPEATYHPIFGVATKDGATYESLGELISCGGRDEQDAAIGTGGTIYNPADKLYYTFYTGNKFKPSSDQNAQVVMVATSPDFKTWTKNRTFYLKGDTYGYDKNDFRDPFLFQTEDGVYHMLIATRKNGKGHIAEFTSADLKEWESAGTFMTMMWDRFYECPDVFKMGDWWYLIYSEQASFMRKVQYFKGRTLEDLKATTANDAGIWPDNREGMLDSRAFYAGKTASDGTNRYIWGWCPTRAGNDNGNVGDVEPEWAGNLVAQRLIQHEDGTLTLGVPDAIDRKYTSAQEVKVMAKDGNMIESGKTYTLGEGASVIFNRLKVHNKISFTVKTASNTDRFGISFVRGTDSASWYSIHVNADEGKANFEKDGDDAKYLFDNKFNIPADNEYRVTIYSDQSVCVTYINDQLSFTNRIYQMQKNPWSLCCYKGEITVSDVQVSTYHHHH,2,0.41,0.603,825.4,175.838,96.134,79.703,49.0,0,0,29.807,0,largest_volume,3,3,0,HIS:A:503:1.995; HIS:A:26:2.007; HIS:A:384:2.052,A:601,
6GHC,6GHC,0.7684414786974826,1.95,6.052999762251991,1.399,18.585,569;2;284,Modification dependent EcoKMcrA restriction endonuclease,蛋白酶,0,"D=[2.31,2.33,2.50],A=[88.9,89.7,97.6]",1.4,5,0.4956,A:CYS:251:SG:2.255::0.9904;A:CYS:248:SG:2.365::0.8927;A:CYS:210:SG:2.482::0.8084;A:CYS:207:SG:2.879::0.6122;A:ASN:209:ND2:4.058::0.3555,6,6.053,true,3,/root/PDB_ZN/diffdock_inputs/receptors/6GHC.pdb,/root/PDB_ZN/diffdock_outputs/6GHC/6GHC/rank6_confidence-1.95.sdf,,GHHHHHHEFMHVFDNNGIELKAECSIGEEDGVYGLILESWGPGDRNKDYNIALDYIIERLVDSGVSQVVVYLASSSVRKHMHSLDERKIHPGEYFTLIGNSPRDIRLKMCGYQAYFSRTGRKEIPSGNRTKRILINVPGIYSDSFWASIIRGELSELSQPTDDESLLNMRVSKLIKKTLSQPEGSRKPVEVERLQKVYVRDPMVEAWILQQSKGICENCGKNAPFYLNDGNPYLEVHHVIPLSSGGADTTDNCVALCPNCHRELHYSKNAKELIEMLYVNINRLQK,47,-0.199,0.001,675.165,214.377,109.412,104.964,46.0,0,2,3.593,1,zn_priority,3,3,0,HIS:A:228:2.315; HIS:A:252:2.326; HIS:A:256:2.498,A:302,"Zn4@B:302: total=3, his=3, non_his=0, residues=HIS:B:228:2.24; HIS:B:252:2.541; HIS:B:256:3.168"
4L63,4L63,0.8549774267010968,0.13,6.127067288492158,1.400,9.782,771;6;128,Apo form of AB5 holotoxin,转录调控,1,"D=[2.08,2.12,2.19],A=[99.6,100.4,106.9]",1.4,4,0.4295,A:HOH:462:O:2.491:103.5:0.7849;A:GLU:180:OE2:4.179:89.7:0.3362;A:HOH:450:O:4.667:91.9:0.2901;A:HOH:423:O:4.880:139.4:0.2701,1,6.127,true,3,/root/PDB_ZN/diffdock_inputs/receptors/4L63.pdb,/root/PDB_ZN/diffdock_outputs/4L63/4L63/rank1_confidence-0.13.sdf,Escherichia coli,AERTPNEEKKVIGYADHNGQLYNITSIYGPVINYTVPDENITINTINRTQLTINYSDYVREAFNEWAPSGIRVQQVSSRVVSFSTTNYADNSLGSTIFDPSGNSRTRIDIGSFNRIVMNNFEKLKSRGAIPANMSPEEYIKLKLRITIKHEIGHILGLLHNNEGGSYFPHGVGLEVARCRLLNQAPSIMLNGSNYDYIDRLSHYLERPVTETDIGPSRNDIEGVRVMRRGGSGNSFTNRFSCLGLGLAF,21,-0.032,0.002,547.209,150.958,35.425,115.534,47.0,3,1,3.59,1,zn_priority,3,3,0,HIS:A:189:2.083; HIS:A:179:2.118; HIS:A:183:2.194,A:301,
6ON4,6ON4,0.8320154950851868,4.64,6.316972899468811,5.733,0.000,431;2;216,"Crystal structure of the GntR-type sialoregulator NanR from Escherichia coli, in complex with sialic acid",其他,1,"D=[2.11,2.21,2.25],A=[80.6,97.0,109.4]",5.7,3,0.6777,A:ASP:172:OD1:2.311:93.9:0.7579;A:SLB:301:O1B:2.313:99.4:0.8242;A:ARG:128:NH2:4.389:101.3:0.3175,9,6.317,true,3,/root/PDB_ZN/diffdock_inputs/receptors/6ON4.pdb,/root/PDB_ZN/diffdock_outputs/6ON4/6ON4/rank9_confidence-4.64.sdf,Escherichia coli K-12,KKLSEMVEEELEQMIRRREFGEGEQLPSERELMAFFNVGRPSVREALAALKRKGLVQINNGERARVSRPSADTIIGELSGMAKDFLSHPGGIAHFEQLRLFFESSLVRYAAEHATDEQIDLLAKALEINSQSLDNNAAFIRSDVDFHRVLAEIPGNPIFMAIHVALLDWLIAARPTVTDQALHEHNNVSYQQHIAIVDAIRRHDPDEADRALQSHLN,3,0.371,0.003,560.439,71.83,24.732,47.097,54.0,2,1,3.421,1,zn_priority,4,3,1,HIS:A:176:2.112; HIS:A:222:2.215; HIS:A:244:2.253; ASP:A:172:2.311,A:302,
1AF0,1AF0,0.8256923336843071,6.24,6.821451745649578,2.492,0.000,470;1;470,SERRATIA PROTEASE IN COMPLEX WITH INHIBITOR,蛋白酶,1,"D=[2.05,2.06,2.07],A=[98.5,99.3,109.8]",2.5,4,0.4543,A:0Z9:674:O1:2.070:120.0:0.7848;A:TYR:216:OH:4.190:113.8:0.3394;A:GLU:177:OE2:4.432:93.7:0.3116;A:HOH:2126:O:4.858:115.5:0.2766,10,6.821,true,3,/root/PDB_ZN/diffdock_inputs/receptors/1AF0.pdb,/root/PDB_ZN/diffdock_outputs/1AF0/1AF0/rank10_confidence-6.24.sdf,Serratia marcescens,ATTGYDAVDDLLHYHERGNGIQINGKDSFSNEQAGLFITRENQTWNGYKVFGQPVKLTFSFPDYKFSSTNVAGDTGLSKFSAEQQQQAKLSLQSWADVANITFTEVAAGQKANITFGNYSQDRPGHYDYGTQAYAFLPNTIWQGQDLGGQTWYNVNQSNVKHPATEDYGRQTFTHEIGHALGLSHPGDYNAGEGDPTYNDVTYAEDTRQFSLMSYWSETNTGGDNGGHYAAAPLLDDIAAIQHLYGANLSTRTGDTVYGFNSNTGRDFLSTTSNSQKVIFAAWDAGGNDTFDFSGYTANQRINLNEKSFSDVGGLKGNVSIAAGVTIENAIGGSGNDVIVGNAANNVLKGGAGNDVLFGGGGADELWGGAGKDIFVFSAASDSAPGASDWIRDFQKGIDKIDLSFFDKEANSSSFIHFVDHFSGTAGEALLSYNASSNVTDLSVNIGGHQAPDFLVKIVGQVDVATDFIV,1,0.529,0.538,1067.591,204.622,95.935,108.687,102.0,3,1,3.497,1,zn_priority,3,3,0,HIS:A:186:2.052; HIS:A:180:2.06; HIS:A:176:2.066,A:472,
2P6Y,2P6Y,0.8798931236362493,1.75,6.822811163907217,1.399,10.760,128;1;128,X-ray structure of the protein Q9KM02_VIBCH from Vibrio cholerae at the resolution 1.63 A. Northeast Structural Genomics Consortium target VcR80.,蛋白酶,3,"D=[2.12,2.16,2.34],A=[102.2,103.4,109.6]",1.4,2,0.2939,A:ARG:46:NH2:3.903:110.6:0.3762;A:HOH:231:O:4.977:101.1:0.2676,6,6.823,true,3,/root/PDB_ZN/diffdock_inputs/receptors/2P6Y.pdb,/root/PDB_ZN/diffdock_outputs/2P6Y/2P6Y/rank6_confidence-1.75.sdf,Vibrio cholerae,IHLIALRLTRGDLKQQIVQLVQQHRIHAGSIASCVGCLSTLHIRLADSVSTLQVSAPFEILSLSGTLTYQHCHLHIAVADAQGRVWGGHLLEGNLINTAELIHHYPQHHFTREFDPNTGYSELVVSAA,1,0.178,0.026,761.657,268.644,162.312,106.332,92.0,5,1,3.811,1,zn_priority,3,3,0,HIS:A:77:2.117; HIS:A:75:2.156; HIS:A:91:2.335,A:201,
2Y3D,2Y3D,0.8014776784038504,1.95,7.170674351769909,2.128,0.000,221;2;110,Zn-bound form of Cupriavidus metallidurans CH34 CnrXs,转录调控,5,"D=[1.98,2.01,2.10],A=[93.5,103.0,127.1]",2.1,2,0.4438,A:GLU:63:OE1:2.109:105.8:0.8657;A:HIS:42:ND1:3.880:107.6:0.3794,1,7.171,true,3,/root/PDB_ZN/diffdock_inputs/receptors/2Y3D.pdb,/root/PDB_ZN/diffdock_outputs/2Y3D/2Y3D/rank1_confidence-1.95.sdf,CUPRIAVIDUS METALLIDURANS,EAGHGDLHEILHEAVPLDANEREILELKEDAFAQRRREIETRLRAANGKLADAIAKNPAWSPEVEAATQEVERAAGDLQRATLVHVFEMRAGLKPEHRPAYDRVLIDALRR,1,0.274,0.932,894.246,216.921,73.213,143.708,83.0,2,0,5.429,0,largest_volume,4,3,1,HIS:B:119:1.979; HIS:B:46:2.013; HIS:B:42:2.098; GLU:B:63:2.514,B:149,
3LUO,3LUO,0.783643178990936,1.99,7.200332662270189,1.400,11.738,149;2;74,Crystal Structure and functional characterization of the thermophilic prolyl isomerase and chaperone SlyD,碳酸酐酶,1,"D=[2.07,2.28,2.44],A=[94.7,116.5,132.5]",1.4,2,0.5330,A:GLU:137:OE1:2.775::0.6535;A:HOH:177:O:3.062::0.5504,8,7.200,true,3,/root/PDB_ZN/diffdock_inputs/receptors/3LUO.pdb,/root/PDB_ZN/diffdock_outputs/3LUO/3LUO/rank8_confidence-1.99.sdf,Thermus thermophilus,MKVGQDKVVTIRYTLQVEGEVLDQGELSYLHGHRNLIPGLEEALEGREEGEAFQAHVPAEKAYGPHDPEGVQVVPLSAFPPGAQFYAQDMEGNPMPLTVVAVEGEEVTVDFNHPLAGKDLDFQVEVVKVREATPEELLHGHAHPS,7,0.162,0.001,204.172,68.529,24.644,43.885,20.0,0,1,4.227,1,zn_priority,3,3,0,HIS:A:149:2.074; HIS:A:145:2.28; HIS:A:147:2.442,A:160,
1SLX,1SLX,0.8148261794706905,3.4,7.287838083295887,1.400,9.782,347;2;174,"RAT ANIONIC N143H, E151H TRYPSIN COMPLEXED TO A86H ECOTIN; ZINC-BOUND",其他,0,"D=[1.87,2.10,2.30],A=[94.6,101.2,107.7]",1.4,1,0.2513,B:HOH:278:O:4.992:106.0:0.2668,6,7.288,true,3,/root/PDB_ZN/diffdock_inputs/receptors/1SLX.pdb,/root/PDB_ZN/diffdock_outputs/1SLX/1SLX/rank6_confidence-3.40.sdf,Escherichia coli,IVGGYTCQENSVPYQVSLNSGYHFCGGSLINDQWVVSAAHCYKSRIQVRLGEHNINVLEGNEQFVNAAKIIKHPNFDRKTLNNDIMLIKLSSPVKVATVALPSSCAPAGTQCLISGWGHTLSSGVNHPDLLQCLDAPLLPQADCEASYPGKITDNMVCVFLEGKDSCQGDSGGPVVCNGELQGIVSWGYGCLPDNPGVYTKVCNYVDWIQDTIAAN,12,-0.023,0.0,122.984,48.055,15.0,33.054,21.0,2,1,3.466,1,zn_priority,3,3,0,HIS:B:151:1.871; HIS:A:86:2.104; HIS:B:143:2.299,B:248,
6Z2D,6Z2D,0.7953063925025154,2.0,7.472752546875567,1.400,6.847,354;1;354,Crystal structure of wild type OgpA from Akkermansia muciniphila in P 41 21 2,转录调控,1,"D=[2.04,2.05,2.07],A=[94.1,94.2,104.0]",1.4,11,0.3934,A:GLN:308:OE1:2.196::0.9536;A:ASP:319:OD1:2.232::0.9868;A:GLN:316:O:2.266::0.9791;A:ASP:309:O:2.304::0.9445;A:HOH:588:O:2.542::0.7713;A:PRO:311:O:2.564::0.7580;A:ASP:317:N:4.052::0.3563;A:HOH:599:O:4.074::0.3534;A:PRO:310:O:4.156::0.3435;A:HOH:649:O:4.485::0.3087;A:TYR:312:N:4.658::0.2930,4,7.473,true,3,/root/PDB_ZN/diffdock_inputs/receptors/6Z2D.pdb,/root/PDB_ZN/diffdock_outputs/6Z2D/6Z2D/rank4_confidence-2.00.sdf,Akkermansia muciniphila ATCC BAA-835,TVPDALKDRIALKKTARQLNIVYFLGSDTEPVPDYERRLSELLLYLQQFYGKEMQRHGYGARSFGLDIKSPGRVNIIEYKAKNPAAHYPYENGGGWKAAQELDEFFKAHPDRKKSQHTLIIMPTWNDEKNGPDNPGGVPFYGMGRNCFALDYPAFDIKHLGQKTREGRLLTKWYGGMAHELGHGLNLPHNHQTASDGKKYGTALMGSGNYTFGTSPTFLTPASCALLDACEVFSVTPSQQFYEGKPEVEVGDVAISFKGDQILVSGNYKSPQTVKALNVYIQDPPYAVNQDYDAVSFSRRLGKKSGKFSMKIDKKELEGLNNNEFRISLMFILANGLHMQKHFTFHWDALQDYR,18,-0.008,0.0,461.503,159.366,105.711,53.655,37.0,3,1,3.518,1,zn_priority,3,3,0,HIS:A:215:2.042; HIS:A:205:2.052; HIS:A:209:2.067,A:408,
2HSI,2HSI,0.7747455827938459,2.11,7.68444444507445,1.747,0.000,455;2;228,"Crystal structure of putative peptidase M23 from pseudomonas aeruginosa, New York Structural Genomics Consortium",蛋白酶,3,"D=[2.11,2.20,2.37],A=[102.8,110.4,138.1]",1.7,7,0.6242,A:ASP:184:OD1:1.979:109.0:0.7897;A:HOH:418:O:3.079:83.7:0.5050;A:HOH:364:O:3.994:77.1:0.3490;A:HOH:406:O:4.422:112.2:0.3147;A:MET:260:O:4.833:89.0:0.2762;A:LEU:183:O:4.895:115.2:0.2738;A:HOH:399:O:4.984:120.9:0.2668,4,7.684;56.116,true,3,/root/PDB_ZN/diffdock_inputs/receptors/2HSI.pdb,/root/PDB_ZN/diffdock_outputs/2HSI/2HSI/rank4_confidence-2.11.sdf,Pseudomonas aeruginosa PAO1,SFIMRLLNKPVPGGVAVVDLGEEGPPPRAFYQGKPVLVVREEGRRWIAVVGIPLSTKPGPQKLEVRAATGNHEERFSVGSKLPEDLKRIERELAEQTAAYRRFSPGLPSNLMLDKPVDGPLSSPFGPHSGLDFAVPAGTPIKAPAAGKVILIGDYFFNGKTVFVDHGQGFISMFCHLSKIDVKLGQQVPRGGVLGKVGATGRATGPHMHWNVSLNDARVDPAIFIGAF,3,0.084,0.0,525.348,152.315,94.191,58.124,45.0,4,1,3.569,1,zn_priority,4,3,1,ASP:A:184:1.979; HIS:A:261:2.111; HIS:A:180:2.196; HIS:A:259:2.374,A:283,"Zn2@B:283: total=4, his=3, non_his=1, residues=HIS:B:261:2.034; ASP:B:184:2.09; HIS:B:259:2.207; HIS:B:180:2.35"
1QX0,1QX0,0.8782246059587023,1.87,8.21504039501364,1.399,8.804,285;1;285,CONJUGATIVE RELAXASE TRWC IN COMPLEX WITH ORIT DNA. METAL-BOUND STRUCTURE,转录调控,1,"D=[2.08,2.16,2.28],A=[101.8,106.2,112.3]",1.4,6,0.5182,B:HOH:183:O:2.494:90.7:0.6892;A:HOH:429:O:2.911:110.9:0.6001;B:HOH:223:O:2.973:111.3:0.5784;B:HOH:224:O:4.574:113.2:0.3003;B:DT:25:O2:4.714:116.1:0.2880;A:ASP:21:OD1:4.842:84.1:0.2743,3,8.215,true,3,/root/PDB_ZN/diffdock_inputs/receptors/1QX0.pdb,/root/PDB_ZN/diffdock_outputs/1QX0/1QX0/rank3_confidence-1.87.sdf,Escherichia coli,LSHVLTRQDIGRAASYYEDGADDYYDASEWQGKGAEELGLSGEVDSKRFRELLAGNIGEGHRIRSATRQDSKERIGLDLTFSAPKSVSLQALVAGDAEIIKAHDRAVARTLEQAEARAQARQKIQGKTRIETTGNLVIGKFRHETSRERDPQLHTHAVILNTKRSDGQWRALKNDEIVKATRYLGAVYNAELAHELQKLGYQLRYGKDGNFDLAHIDRQQIEGFSKRTEQIAEWYAARGLDPNSVSLEQKQAAKVLSRAKKTSVDREALRAEWQATAKELGIDFS,1,0.093,0.323,1955.048,491.135,261.063,230.071,206.0,3,1,3.408,1,zn_priority,3,3,0,HIS:A:150:2.076; HIS:A:161:2.16; HIS:A:163:2.276,A:294,
7ESI,7ESI,0.7901656072682898,3.2,8.613747757734735,2.492,0.000,558;3;186,Crystal structure of the collagenase unit of a Vibrio collagenase from Vibrio harveyi VHJR7 at 1. 8 angstrom resolution.,蛋白酶,4,"D=[2.01,2.02,2.06],A=[105.3,109.5,113.5]",2.5,4,0.4385,A:GLU:505:OE2:1.936:108.7:0.7640;A:TYR:549:OH:3.998:88.3:0.3567;A:GLU:478:OE1:4.590:92.2:0.2967;A:HOH:1082:O:4.912:149.1:0.2645,8,8.614,true,3,/root/PDB_ZN/diffdock_inputs/receptors/7ESI.pdb,/root/PDB_ZN/diffdock_outputs/7ESI/7ESI/rank8_confidence-3.20.sdf,Vibrio harveyi VHJR7,CDVEAFTSNSSNDVLNAIKTQGASCVNALFSAESRIQEAAFESGHMYNIAKHTTDLAKAYAGGGSDELEALFLYLRAGYYAEFYNSKVSFLSWVTPAVKEAVDAFVNNANFYENSDPHGKVLSEVIITMDSAGLQHAYLPQVTQWLTRWDSQYAQNWYMRNAVNGVFTILFGGQWNEQFVQTIGNQTELAKALGDFALRSSAIGASDEFMAANAGRELGRLTKYSGSASSTVKSKLTEIFAQYEMYGRGDAIWLGAADTVSYYADCSDYGICNFESQLKGLVLSQSYTCSPTIRILSQNMTQDQHVAACSKMGYEEGYFHTSLETGRQPVADDYNTQLQVNIFDSSDDYGKYAGPIFNISTNNGGMYLEGDPATPGNIPNFVAYEAPYANPDHFVWNLEHEYVHYLDGRFDLYGGFGHPTERIVWWSEGIAEYVSKENDNQAAIDTIKDGSTFTLSEIFETSYDGFDVDRIYRWGYLAVRFMFERHKDDVNQMLIETRQGNWANYKATINQWAILYQSEFEQWQQALVLEHH,34,-0.403,0.002,1653.466,452.109,291.494,160.615,143.0,0,0,17.867,0,largest_volume,4,3,1,GLU:A:505:1.936; HIS:A:477:2.012; HIS:A:481:2.024; HIS:B:13:2.062,A:701,
4GXW,4GXW,0.9149057937094964,3.24,8.90101754691222,8.161,4.891,733;2;366,"Crystal structure of a cog1816 amidohydrolase (target EFI-505188) from Burkhoderia ambifaria, with bound Zn",转录调控,5,"D=[2.08,2.16,2.26],A=[91.3,100.7,116.9]",8.2,7,0.6044,A:HOH:1048:O:1.969:108.3:0.7832;A:ASP:300:OD1:2.168:85.7:0.6745;A:HIS:240:NE2:3.944:74.8:0.3527;A:HOH:797:O:4.043:123.7:0.3545;A:HOH:755:O:4.374:107.6:0.3195;A:HOH:648:O:4.414:70.9:0.3028;A:HOH:801:O:4.613:97.6:0.2959,6,8.901;42.948,true,3,/root/PDB_ZN/diffdock_inputs/receptors/4GXW.pdb,/root/PDB_ZN/diffdock_outputs/4GXW/4GXW/rank6_confidence-3.24.sdf,Burkholderia ambifaria,GTPGNVPAARTGIEITAAHRAFFHALPKVELHCHLLGAVRHDTFVALAQRSGAPIERAEIDAFYARGEKPVGVLHVLRALDRYLLTRPDDLRRIAYEYLEDAAAHNVRHAEFFWNPTGTVRVSGIPYADAQAAIVTGMRDAARDFGIGARLIPSIDREQDPDEAVAIVDWMKANRADEVAGIGIDYRENDRPPELFWKAYRDARAAGFRTTAHAGEFGMPWRNVETAVDLLHVDRVDHGYTIVDNPELCARYAERGIVFTVVPTNSYYLRTLPPDQWAERHPMRKMPGLGLKIHPNTDDPTLHKVNPSEAWELMFSHFGFTIADLKQFMLNGIDGAWVDDDTKAAWRAAWAPEFDMLADTLAADKLAAA,2,0.249,0.265,341.157,100.26,32.343,67.917,72.0,3,1,3.45,1,zn_priority,4,3,1,HIS:B:36:2.077; HIS:B:34:2.139; ASP:B:300:2.156; HIS:B:215:2.231,B:401,"Zn1@A:401: total=4, his=3, non_his=1, residues=HIS:A:36:2.082; HIS:A:34:2.163; ASP:A:300:2.168; HIS:A:215:2.255"
3NQZ,3NQZ,0.7500856671820332,2.13,9.427202763072335,2.328,0.000,482;2;241,Crystal structure of the autoprocessed Vibriolysin MCP-02 with E369A mutation,转录调控,1,"D=[1.94,2.03,2.10],A=[104.4,117.3,127.4]",2.3,5,0.4209,A:HIS:204:OXT:1.842:117.9:0.6961;B:TYR:360:OH:4.713:87.2:0.2850;B:GLU:346:OE1:4.732:74.6:0.2791;B:SER:372:OG:4.802:133.4:0.2776;B:ALA:369:O:4.872:90.0:0.2736,6,9.427,true,3,/root/PDB_ZN/diffdock_inputs/receptors/3NQZ.pdb,/root/PDB_ZN/diffdock_outputs/3NQZ/3NQZ/rank6_confidence-2.13.sdf,Pseudoalteromonas sp.,ANATGPGGNLKTGKYLYGTDFDSLDVSQSGNTCSMNNANVRTINLNGGTSGSSAYSFTCPENTFKEINGAYSPLNDAHFFGNVIFNMYNDWLGTAPLSFQLQMRVHYSSNYENAFWDGSAMTFGDGQNTFYPLVSLDVSAHEVSHGFTEQNSGLIYNGKPGGLNAAFSDMAGEAAEFYMKGSNDWLVGKDIFKGNGALRYMNNPTQDGRSIDNQSNYYSGMDVHYSSGVYNKAFYNLATTPGWDTQKAFIVMARANQLYWSAGVGWDLAGNGVMDAACDLNYDPNDVKAALAAVGVNSNLSSGSDCA,1,0.245,0.002,1039.869,279.081,137.789,141.292,101.0,0,0,9.827,0,largest_volume,3,3,0,HIS:B:345:1.943; HIS:B:428:2.029; HIS:B:349:2.102,B:1,
4O5O,4O5O,0.7527720504155841,0.73,9.50925372203184,2.665,0.000,518;2;259,X-ray Crystal Structure of a 3-hydroxyacyl-CoA dehydrogenase from Brucella suis,转录调控,2,"D=[2.13,2.13,2.19,2.20],A=[89.2,90.4,92.6,92.9,103.5,175.9]",2.7,4,0.4551,A:GLU:235:OE2:2.129:97.9:0.7940;A:HOH:673:O:4.247:109.0:0.3332;A:HOH:505:O:4.313:89.9:0.3221;A:HOH:522:O:4.716:113.6:0.2880,2,9.509,true,4,/root/PDB_ZN/diffdock_inputs/receptors/4O5O.pdb,/root/PDB_ZN/diffdock_outputs/4O5O/4O5O/rank2_confidence-0.73.sdf,Brucella suis,HHHHHHMQIENRVFLITGAGSGLGAAVSKMAVEAGAKVVLLDVNAEAGEAGAKALGASARFQRTDVASDTDGKAAIAAAIEAFGRIDVLVNCAGVAPGEKVLGREGAHKLETFTRTISINLIGTFNMLRLAAEAMAKNEPGQGGERGVIINTASVAAFDGQIGQAAYSASKGGVAAMTLPVARELARHGIRVMTIAPGIFKTPMMAGMPQEVQDALGASVPFPPRLGEPAEYAALVHHIVENQMLNGEVIRLDGALRMAAK,8,0.046,0.085,1164.215,309.065,129.128,179.937,102.0,0,0,23.23,0,largest_volume,5,4,1,HIS:B:-5:2.126; GLU:A:235:2.129; HIS:A:231:2.134; HIS:A:-4:2.186; HIS:B:-3:2.196,A:301,
1XRU,1XRU,0.8424416217935681,5.23,10.413502471873018,2.454,0.000,540;2;270,Crystal Structure of 5-keto-4-deoxyuronate Isomerase from Eschericia coli,其他,1,"D=[2.07,2.08,2.22],A=[105.6,105.6,112.3]",2.5,3,0.4778,A:GLU:203:OE1:1.882:113.8:0.7285;A:HOH:586:O:3.700:102.6:0.4062;A:HOH:611:O:4.821:115.8:0.2794,5,10.414;26.367,true,3,/root/PDB_ZN/diffdock_inputs/receptors/1XRU.pdb,/root/PDB_ZN/diffdock_outputs/1XRU/1XRU/rank5_confidence-5.23.sdf,Escherichia coli,GSAMDVRQSIHSAHAKTLDTQGLRNEFLVEKVFVADEYTVYSHIDRIIVGGIPITKTVSVGGEVGKQLGVSYFLERRELGVINIGGAGTITVDGQCYEIGHRDALYVGKGAKEVVFASIDTGTPAKFYYNCAPAHTTYPTKKVTPDEVSPVTLGDNLTSNRRTINKYFVPDVLETCQLSGLTELAPGNLWNTPCHTHERREVYFYFNDDDACVFHGQPQETRHIVHNEQAVISPSWSIHSGVGTKAYTFIWGVGENQVFDDDHVAVKEIC,1,0.56,0.868,553.053,82.564,42.229,40.334,57.0,2,1,3.415,1,zn_priority,4,3,1,GLU:A:203:1.882; HIS:A:245:2.043; HIS:A:198:2.078; HIS:A:196:2.234,A:501,"Zn2@B:502: total=4, his=3, non_his=1, residues=GLU:B:203:1.914; HIS:B:198:2.074; HIS:B:245:2.082; HIS:B:196:2.223"
2BB0,2BB0,0.906010294214186,6.56,10.508661096047048,1.400,2.935,826;2;413,Structure of Imidazolonepropionase from Bacillus subtilis,转录调控,1,"D=[2.18,2.19,2.28],A=[90.6,100.0,109.6]",1.4,4,0.5547,A:ASP:324:OD1:2.316:91.4:0.7309;A:HOH:1729:O:2.379:102.3:0.8353;A:HOH:1730:O:4.436:113.1:0.3132;A:ASN:326:ND2:4.856:125.3:0.2755,10,10.509;41.527,true,3,/root/PDB_ZN/diffdock_inputs/receptors/2BB0.pdb,/root/PDB_ZN/diffdock_outputs/2BB0/2BB0/rank10_confidence-6.56.sdf,Bacillus subtilis,KQIDTILINIGQLLTMESSGPRAGKSMQDLHVIEDAVVGIHEQKIVFAGQKGAEAGYEADEIIDCSGRLVTPGLVDPHTHLVFGGSREKEMNLKLQGISYLDILAQGGGILSTVKDTRAASEEELLQKAHFHLQRMLSYGTTTAEVKSGYGLEKETELKQLRVAKKLHESQPVDLVSTFMGAHAIPPEYQNDPDDFLDQMLSLLPEIKEQELASFADIFTETGVFTVSQSRRYLQKAAEAGFGLKIHADEIDPLGGAELAGKLKAVSADHLVGTSDEGIKKLAEAGTIAVLLPGTTFYLGKSTYARARAMIDEGVCVSLATDFNPGSSPTENIQLIMSIAALHLKMTAEEIWHAVTVNAAYAIGKGEEAGQLKAGRSADLVIWQAPNYMYIPYHYGVNHVHQVMKNGTIVVNR,1,0.244,0.001,173.636,25.546,13.929,11.617,38.0,4,1,3.674,1,zn_priority,4,3,1,HIS:A:82:2.18; HIS:A:80:2.191; HIS:A:249:2.279; ASP:A:324:2.316,A:1601,"Zn2@B:2601: total=4, his=3, non_his=1, residues=HIS:B:82:2.175; HIS:B:80:2.188; ASP:B:324:2.339; HIS:B:249:2.359"
6R7U,6R7U,0.78861214020295,3.73,10.682551184334434,5.786,0.000,593;2;296,Selenomethionine variant of Tannerella forsythia promirolysin mutant E225A,其他,1,"D=[1.95,1.97,2.08],A=[97.9,101.4,107.7]",5.8,4,0.4310,A:CSX:23:SG:2.174:112.4:0.9162;A:SER:25:O:4.401:65.7:0.3005;A:TYR:286:OH:4.527:108.1:0.3047;A:GLU:26:OE2:4.827:111.6:0.2792,5,10.683;36.666,true,3,/root/PDB_ZN/diffdock_inputs/receptors/6R7U.pdb,/root/PDB_ZN/diffdock_outputs/6R7U/6R7U/rank5_confidence-3.73.sdf,Tannerella forsythia,RTGSELNEQIRRTEPLKYQRITDWENQIKLHSRSVPSSTILIPVVVHVVYNNSAQNISDAQIISQIQVLNEDFRRNADQANTPSAFANLAGNANIEFKLARRDPNGNTTNGITRTSTSTETFSEDNVKFSNLGGNNAWNTRRYLNIWVCNLGDDLLGYAQFPFEFQTKPNTDGVVIHYKHFGRDGSAESPYDKGRTATHAVGHWLDLRHIWGDDGGSCSGTDNIADTPNQGGYNEGCPSFPKTDHCTNTSPGVFNYDYTYDACNLFTKGQVERRSLFDTQTGIRREQIYANELTNPL,18,0.005,0.03,1165.868,330.914,201.779,129.135,103.0,0,0,11.689,0,largest_volume,3,3,0,HIS:A:234:1.953; HIS:A:224:1.971; HIS:A:228:2.08,A:403,"Zn2@B:403: total=3, his=3, non_his=0, residues=HIS:B:234:1.98; HIS:B:228:1.997; HIS:B:224:2.073"
2DI3,2DI3,0.8467795292514224,5.65,11.411052776094985,7.030,2.935,461;2;230,Crystal structure of the transcriptional factor CGL2915 from Corynebacterium glutamicum,转录调控,1,"D=[2.09,2.20,2.22],A=[86.0,101.7,106.0]",7.0,6,0.5876,A:ASP:144:OD1:2.267:91.2:0.7319;A:HOH:1005:O:2.339:101.2:0.8403;A:HOH:1007:O:3.155:101.4:0.5196;A:HOH:1018:O:4.043:134.2:0.3490;A:HOH:1194:O:4.151:95.7:0.3417;A:ARG:102:NH2:4.584:101.3:0.2990,8,11.411;33.484,true,3,/root/PDB_ZN/diffdock_inputs/receptors/2DI3.pdb,/root/PDB_ZN/diffdock_outputs/2DI3/2DI3/rank8_confidence-5.65.sdf,Corynebacterium glutamicum,SVKAHESVMDWVTEELRSGRLKIGDHLPSERALSETLGVSRSSLREALRVLEALGTISTATGSGPRSGTIITAAPGQALSLSVTLQLVTNQVGHHDIYETRQLLEGWAALHSSAERGDWDVAEALLEKMDDPSLPLEDFLRFDAEFHVVISKGAENPLISTLMEALRLSVADHTVARARALPDWRATSARLQKEHRAILAALRAGESTVAATLIKEHIEGYYEETAAAEAL,1,0.271,0.072,148.14,41.174,18.458,22.715,30.0,1,1,3.48,1,zn_priority,4,3,1,HIS:A:196:2.12; HIS:A:218:2.157; HIS:A:148:2.179; ASP:A:144:2.267,A:1002,"Zn2@B:1001: total=4, his=3, non_his=1, residues=HIS:B:196:2.093; HIS:B:148:2.203; ASP:B:144:2.204; HIS:B:218:2.225"
1B57,1B57,0.7409174905993337,0.78,11.542720021866682,2.545,0.000,692;2;346,"CLASS II FRUCTOSE-1,6-BISPHOSPHATE ALDOLASE IN COMPLEX WITH PHOSPHOGLYCOLOHYDROXAMATE",其他,0,"D=[1.90,1.91,2.15],A=[90.0,103.7,135.7]",2.5,6,0.4717,A:PGH:359:O1:2.218:94.7:0.7705;A:ASN:286:ND2:4.083:107.4:0.3524;A:ASP:109:OD1:4.161:146.3:0.3276;A:GLY:265:N:4.496:85.9:0.3030;A:HOH:395:O:4.711:97.3:0.2876;A:THR:178:OG1:4.949:77.3:0.2646,1,11.543;29.374,true,3,/root/PDB_ZN/diffdock_inputs/receptors/1B57.pdb,/root/PDB_ZN/diffdock_outputs/1B57/1B57/rank1_confidence-0.78.sdf,Escherichia coli,SKIFDFVKPGVITGDDVQKVFQVAKENNFALPAVNCVGTDSINAVLETAAKVKAPVIVQFSNGGASFIAGKGVKSDVPQGAAILGAISGAHHVHQMAEHYGVPVILHTDHCAKKLLPWIDGLLDAGEKHFAATGKPLFSSHMIDLSEESLQENIEICSKYLERMSKIGMTLEIELGCTGGEELYTQPEDVDYAYTELSKISPRFTIAASFGNVHGVYKPGNVVLTPTILRDSQEYVSKKHNLPHNSLNFVFHGGSGSTAQEIKDSVSYGVVKMNIDTDTQWATWEGVLNYYKANEAYLQGQLGNPKGEDQPNKKYYDPRVWLRAGQTSMIARLEKAFQELNAIDVL,18,0.015,0.037,752.255,250.572,125.197,125.376,56.0,5,2,4.453,1,zn_priority,3,3,0,HIS:A:226:1.872; HIS:A:264:1.925; HIS:A:110:2.092,A:360,"Zn5@B:360: total=3, his=3, non_his=0, residues=HIS:B:264:1.904; HIS:B:226:1.914; HIS:B:110:2.151"
1BZO,1BZO,0.7580875020549874,3.53,11.546188622365408,3.937,0.000,140;1;140,"THREE-DIMENSIONAL STRUCTURE OF PROKARYOTIC CU,ZN SUPEROXIDE DISMUTASE FROM P.LEIOGNATHI, SOLVED BY X-RAY CRYSTALLOGRAPHY.",蛋白酶,5,"D=[1.92,1.95,2.00],A=[100.7,109.2,123.6]",3.9,3,0.4139,A:ASP:81:OD1:2.088:110.5:0.8633;A:GLY:70:N:4.530:89.8:0.3013;A:LYS:68:O:4.543:92.8:0.3010,7,11.546,true,3,/root/PDB_ZN/diffdock_inputs/receptors/1BZO.pdb,/root/PDB_ZN/diffdock_outputs/1BZO/1BZO/rank7_confidence-3.53.sdf,Photobacterium leiognathi,QDLTVKMLQTGKPVGTIELSQNKYGVVFIPELADLTPGMHGFHIHQNGSCAVLGGAAGGHYDPEHTKHGFPWTDDNHKGDLPALFVSANGLATNPVLAPRLTLKELKGHAIMIHAGGDNHSDMPKALGGGGARVACGVIQ,1,0.398,0.002,364.171,78.47,32.343,46.127,20.0,0,0,19.42,0,largest_volume,4,3,1,HIS:A:69:1.921; HIS:A:61:1.952; HIS:A:78:2.001; ASP:A:81:2.088,A:151,
9J9P,9J9P,0.7273236780879164,1.28,11.54868136821073,1.400,15.651,339;1;339,artificial mononuclear Zn-bound metalloprotein 3 (M3:Zn),其他,5,"D=[2.10,2.17,2.56],A=[82.0,83.8,97.1]",1.4,2,0.3607,A:HOH:501:O:3.165:99.6:0.5153;A:ASN:101:OD1:4.314:71.9:0.3123,2,11.549,true,3,/root/PDB_ZN/diffdock_inputs/receptors/9J9P.pdb,/root/PDB_ZN/diffdock_outputs/9J9P/9J9P/rank2_confidence-1.28.sdf,Escherichia coli,AEIYNKDGNKVDLYGKAVGLHYFSKGGENSYGGNGDMTYARLGFKGETQINSDLTGYGHWEYNFQGNNSEGADAQTGNKTRHAHAGLKYADVGSFDYGRNYGVVYDALGYTDMLPEFGGDTAYSDDFFVGRVGGVATYRNSNFFGLVDGLNFAVQYLGKNERDTARRSNGDGVGGSISYEYEGFGIVGAYGAADRTNLQEAQPLGNGKKAEQWATGLKYDANNIYLAANYGETRNATPITNKFTNTSGFANKTQDVLLVAQYQFDFGLRPSIAYTKSKAKDVEGIGDVDLVNYFEVGATYYFNKNMSTYVDYIINQIDSDNKLGVGSDDTVAVGIVYQF,1,0.289,0.718,718.223,186.105,89.374,96.731,55.0,3,1,3.867,1,zn_priority,3,3,0,HIS:A:85:2.097; HIS:A:60:2.168; HIS:A:83:2.563,A:401,
7OB6,7OB6,0.7233899113137652,4.75,11.894139793424696,1.400,6.847,435;2;218,CPR-C4 - a conserved novel protease from the Candidate Phyla Radiation,蛋白酶,1,"D=[1.95,2.05,2.35],A=[86.8,123.4,133.7]",1.4,2,0.2775,A:SER:23:O:4.454:123.2:0.3100;A:HIS:-6:O:4.856:122.4:0.2759,8,11.894,true,3,/root/PDB_ZN/diffdock_inputs/receptors/7OB6.pdb,/root/PDB_ZN/diffdock_outputs/7OB6/7OB6/rank8_confidence-4.75.sdf,candidate division CPR1,THHHHHHGSMHYKAQLQKLLTTEEKKILARLSTPQKIQDFLDTIKNKDLAEHTMWSPRAVLKHKHAHCMEGAMLAALALAYHGHSPLLMDLQTTDEDEDHVVALFKIDGHWGAISKTNHPVLRYRDPIYKSVRELAMSYFHEYFIWWTKKNGGKKTLRAYSNPFDLTRYKPERWVIATGDLDWLAEALDDSKHFPILNKKMQKQLRPASRIETKAASLSEWP,26,-0.15,0.062,1070.598,349.646,138.727,210.919,99.0,3,0,7.953,0,largest_volume,3,3,0,HIS:A:-5:1.945; HIS:A:75:2.054; HIS:A:-7:2.346,A:301,
9MHL,9MHL,0.7770260629821261,2.59,12.02821886374093,1.400,14.673,455;2;228,The structure of Zcp with zinc bound,转录调控,0,"D=[2.29,2.29,2.30],A=[75.7,94.7,103.7]",1.4,2,0.4197,A:HOH:519:O:2.258:109.3:0.9864;A:HOH:524:O:4.070:79.8:0.3426,6,12.028;45.325,true,3,/root/PDB_ZN/diffdock_inputs/receptors/9MHL.pdb,/root/PDB_ZN/diffdock_outputs/9MHL/9MHL/rank6_confidence-2.59.sdf,Neisseria gonorrhoeae FA 1090,VHRVWVETAHTHGGEYLKADLGYGEFPELEPIAKDRLHIFSKPQLVTEKGKENIQRGTYNYQYRSNRPVKDGSYLVTAEYQPTFRSKNSYCEQTRFGKNIVNVGHESADTAIITKPVGQNLEIVPLDNPANIHVGERFKVRVLFRGEPLPNATVTATFDGFDTSDRSKTHKTEAQAFSDTTDGKGEVDIIPLRQGFWKASVEYKADFPDQSLCQKQANYTTLTFQIGH,4,0.12,0.274,757.38,216.689,88.391,128.298,97.0,3,1,3.444,1,zn_priority,3,3,0,HIS:A:142:2.281; HIS:A:31:2.292; HIS:A:29:2.304,A:301,"Zn2@B:301: total=3, his=3, non_his=0, residues=HIS:B:142:2.287; HIS:B:29:2.294; HIS:B:31:2.296"
6Y4E,6Y4E,0.7895074169104362,2.5,12.233214468478822,3.952,0.000,133;1;133,X-ray structure of the Zn-dependent receptor-binding domain of Proteus mirabilis MR/P fimbrial adhesin MrpH,蛋白酶,2,"D=[2.02,2.03,2.05],A=[103.0,108.3,125.2]",4.0,4,0.4710,A:TLA:202:O1:1.980:110.6:0.7898;A:ARG:118:N:3.966:113.4:0.3673;A:THR:116:O:4.813:97.7:0.2794;A:LYS:73:O:4.877:92.9:0.2737,8,12.233,true,3,/root/PDB_ZN/diffdock_inputs/receptors/6Y4E.pdb,/root/PDB_ZN/diffdock_outputs/6Y4E/6Y4E/rank8_confidence-2.50.sdf,Proteus mirabilis (strain HI4320),SIFSYITESTGTPSNATYTYVIERWDPETSGILNPCYGWPVCYVTVNHKHTVNGTGGNPAFQIARIEKLRTLAEVRDVVLKNRSFPIEGQTTHRGPSLNSNQECVGLFYQPNSSGISPRGKLLPGSLCGAHHH,1,0.367,0.191,471.26,127.74,45.621,82.119,38.0,0,0,16.084,0,largest_volume,3,3,0,HIS:A:74:2.022; HIS:A:72:2.03; HIS:A:117:2.047,A:201,
2Q1Z,2Q1Z,0.7106874662326357,2.14,13.481455440408583,2.232,0.000,706;4;176,Crystal Structure of Rhodobacter sphaeroides SigE in complex with the anti-sigma ChrR,转录调控,1,"D=[2.39,2.55,2.75],A=[86.7,89.4,102.7]",2.2,4,0.6388,B:CYS:35:SG:2.396:104.7:0.8480;B:CYS:38:SG:2.426:115.0:0.8250;B:VAL:7:N:4.180:90.1:0.3363;B:HIS:5:O:4.741:57.3:0.2699,3,13.481;39.720,true,3,/root/PDB_ZN/diffdock_inputs/receptors/2Q1Z.pdb,/root/PDB_ZN/diffdock_outputs/2Q1Z/2Q1Z/rank3_confidence-2.14.sdf,Rhodobacter sphaeroides,TIRHHVSDALLTAYAAGTLSEAFSLVVATHLSLCDECRARAGALDAVGGSLMEETAPVALSEGSLASVMAQLDRQIADPRAPAPLADYVGRRLEDVRWRTLGGGVRQAILPTGGEAIARLLWIPGGQAVPDHGHRGLELTLVLQGAFRDETDRFGAGDIEIADQELEHTPVAERGLDCICLAATD,6,0.104,0.103,552.711,157.343,55.153,102.189,60.0,3,1,3.411,1,zn_priority,4,3,1,GLU:D:147:1.859; HIS:D:141:2.394; HIS:D:143:2.555; HIS:D:177:2.746,D:197,"Zn2@B:197: total=4, his=3, non_his=1, residues=GLU:B:147:2.064; HIS:B:177:2.324; HIS:B:141:2.524; HIS:B:143:2.979"
1PQ4,1PQ4,0.8098218465437864,1.08,14.301131529161525,3.139,4.891,519;2;260,Crystal structure of ZnuA,转录调控,1,"D=[1.94,2.04,2.12],A=[97.7,108.7,114.2]",3.1,1,0.7444,A:HOH:1101:O:2.280:107.7:0.9524,3,14.301;22.975,true,3,/root/PDB_ZN/diffdock_inputs/receptors/1PQ4.pdb,/root/PDB_ZN/diffdock_outputs/1PQ4/1PQ4/rank3_confidence-1.08.sdf,Synechocystis sp.,DAMDITVSIPPQQYFLEKIGGDLVRVSVLVPGNNDPHTYEPKPQQLAALSEAEAYVLIGLGFEQPWLEKLKAANANMKLIDSAQGITPLEMEKHDEKAKGALMVADPHIWLSPTLVKRQATTIAKELAELDPDNRDQYEANLAAFLAELERLNQELGQILQPLPQRKFIVFHPSWAYFARDYNLVQIPIEVEGQEPSAQELKQLIDTAKENNLTMVFGETQFSTKSSEAIAAEIGAGVELLDPLAADWSSNLKAVAQKIANANS,28,-0.126,0.0,1052.76,356.354,224.722,131.631,67.0,0,0,14.212,0,largest_volume,3,3,0,HIS:B:83:1.94; HIS:B:179:2.045; HIS:B:243:2.117,B:1001,"Zn1@A:1002: total=3, his=3, non_his=0, residues=HIS:A:83:1.937; HIS:A:243:2.058; HIS:A:179:2.112"
1HQR,1HQR,0.7640632566914269,2.78,15.245186969324768,5.602,0.000,573;4;143,"CRYSTAL STRUCTURE OF A SUPERANTIGEN BOUND TO THE HIGH-AFFINITY, ZINC-DEPENDENT SITE ON MHC CLASS II",碳酸酐酶,0,"D=[1.93,2.12,2.14],A=[98.3,114.8,132.1]",5.6,2,0.3427,D:ASP:703:OD2:1.915:114.2:0.7449;D:ASN:605:ND2:4.795:62.1:0.2688,5,15.245,true,3,/root/PDB_ZN/diffdock_inputs/receptors/1HQR.pdb,/root/PDB_ZN/diffdock_outputs/1HQR/1HQR/rank5_confidence-2.78.sdf,Homo sapiens,KDISNVKSDLLYAYTITPYDYKDCRVNFSTTHTLNIDTQKYRGKDYYISSEMSYEASQKFKRDDHVDVFGLFYILNSHTGEYIYGGITPAQNNKVNHKLLGNLFISGESQQNLNNKIILEKDIVTFQEIDFKIRKYLMDNYKIYDATSPYVSGRIEIGTKDGKHEQIDLFDSPNEGTRSDIFAKYKDNRIINMKNFSHFDIYLEK,1,0.404,0.368,932.188,212.354,82.901,129.454,76.0,0,0,19.395,0,largest_volume,4,3,1,ASP:D:703:1.915; HIS:B:281:1.926; HIS:D:667:2.116; HIS:D:701:2.143,D:709,
4JIV,4JIV,0.8387408412109617,1.8,20.536370810668,2.671,0.000,372;4;93,VCA0105 PAAR-repeat protein from Vibrio cholerae in complex with a VgrG-like beta-helix that is based on a fragment of T4 gp5,转录调控,4,"D=[2.00,2.08,2.18],A=[96.9,109.9,117.3]",2.7,4,0.4690,D:CYS:81:SG:2.310:108.8:0.9379;D:ARG:56:NE:3.902:110.8:0.3764;D:GLY:82:N:4.713:124.6:0.2868;D:HOH:234:O:4.745:66.7:0.2745,5,20.536,true,3,/root/PDB_ZN/diffdock_inputs/receptors/4JIV.pdb,/root/PDB_ZN/diffdock_outputs/4JIV/4JIV/rank5_confidence-1.80.sdf,Enterobacteria phage T4,SGDETKTVEGNGTILVKGNVTIIVEGNADITVKGDATTLVEGNQTNTVNGNLSWKVAGTVDWDVGGDWTEKMASMSSISSGQYHIVGSAINLN,1,1.244,0.998,1329.069,97.081,46.36,50.72,124.0,0,0,58.388,0,largest_volume,4,3,1,HIS:D:54:2.003; HIS:D:14:2.076; HIS:D:46:2.18; CYS:D:81:2.31,D:101,
3UJZ,3UJZ,0.8382411137830924,7.25,21.401638155305623,1.399,8.804,592;1;592,Crystal structure of enterohemorrhagic E. coli StcE,其他,1,"D=[2.01,2.09,2.14],A=[92.4,104.5,124.0]",1.4,1,0.7386,A:HOH:1016:O:2.285:107.2:0.9427,10,21.402,true,3,/root/PDB_ZN/diffdock_inputs/receptors/3UJZ.pdb,/root/PDB_ZN/diffdock_outputs/3UJZ/3UJZ/rank10_confidence-7.25.sdf,Escherichia coli,NSAIYFNTSQPINDLQGSLAAEVKFAQSQILPAHPKEGDSQPHLTSLRKSLLLVRPVKADDKTPVQVEARDDNNKILGTLTLYPPSSLPDTIYHLDGVPLENNRITYAQHIWSAELPAHWIVPGLNLVIKQGNLSGRLNDIKIGAPGELLLHTIDIGLTTPRDRFDFAADAAAHREYFQTIPVSRIVNNYAPLHLKEVLPTGELLTDDPGNGGWHSGTRQRIGKELVSHGIDNANYGLNSTAGLGENSHPYVVAQLAAHNSRGNYANGIQVHGGSGGGGIVTLDSTLGNEFSHDVGHNYGLGHYVDGFKGSVHRSAENNNSTWGWDGDKKRFIPNFYPSQTNEKSCLNNQCQEPFDGHKFGFDAAGGSPFSAANRFTYTPNSSAIIQRFFENKAVFDSRSSTGFSKWNADTQEEPYEHTIEARKPEQFGVPVTTLVGYYDPEGTLSSYIYPAYGAYGFTYSNKFHINVPTESQPLDTKSLTPAPEGLTYTVNGQALPAKENEGCIVSVNSGKRYCLPVGQRSGYSLPDWIVGQEVYVDSGAKAKVLLSDWDNLSYNRIGEFVGNVNPADKKVKAWNGQYLDFSKPRSRVVYK,14,-0.009,0.001,350.631,73.977,44.704,29.273,22.0,2,1,4.574,1,zn_priority,3,3,0,HIS:A:450:2.008; HIS:A:446:2.09; HIS:A:456:2.141,A:1,
4RUW,4RUW,0.7817809093974899,1.68,21.496652953320723,2.687,0.000,381;1;381,The crystal structure of endonuclease/exonuclease/phosphatase from Beutenbergia cavernae DSM 12333,转录调控,1,"D=[1.99,2.00,2.05],A=[102.4,106.8,107.2]",2.7,4,0.4103,A:ASP:97:OD2:1.912:108.5:0.7497;A:GLY:102:O:4.579:149.6:0.2884;A:HOH:692:O:4.653:95.3:0.2920;A:HOH:932:O:4.748:78.7:0.2795,1,21.497,true,3,/root/PDB_ZN/diffdock_inputs/receptors/4RUW.pdb,/root/PDB_ZN/diffdock_outputs/4RUW/4RUW/rank1_confidence-1.68.sdf,Beutenbergia cavernae DSM 12333,RRDLRVTWNIHTAVAPDAPGVVDEPRIAAVIRAEAPDVVVLNEVHRDAPGPGSHGDQPARLAELLAADGYVHTWFGLTEVDLPHEGAVLPGSSNGNVVSRHPFVGGGVVVPLPNENYEPGGKLRRSLLTVTVDVPGLGDVVVHATHLSTPGSAVLVEDQKEQLRIVLDHVDARVPSVLAGDLNIWTTDVPTQPYSQNNLQSWIAEDHLADTWRQVNDPGAGPTTASYGRPESPHPDRRIDYVFATPAFDVVAGHVSLVDRFASDHLGVVDLRLGGAPVAARTVLAGEDGLDGWAQLTASRPGRLRLSVCKNRGQADDDGTAVRAVLRNRAGVALRTVTDSGTSRDRCTVETWRGALPPGARLEACLVGADGTILASRTETL,2,0.292,0.003,517.961,167.338,108.164,59.174,58.0,0,0,41.277,0,largest_volume,4,3,1,ASP:A:97:1.912; HIS:A:95:1.987; HIS:A:134:1.999; HIS:A:104:2.053,A:501,
8TWU,8TWU,0.727228235562712,2.04,23.653903986720255,1.400,21.520,403;1;403,Crystal structure of Cytochrome P450 AspB bound to N1-methylated cyclo-L-Trp-L-Pro,其他,0,"D=[2.25,2.26,2.32],A=[78.9,85.9,93.2]",1.4,1,0.2593,A:HOH:866:O:4.772:80.0:0.2781,4,23.654,true,3,/root/PDB_ZN/diffdock_inputs/receptors/8TWU.pdb,/root/PDB_ZN/diffdock_outputs/8TWU/8TWU/rank4_confidence-2.04.sdf,Streptomyces,ATLTYPFHDWSQELSPRYAQLRASDAPVCPVVSEGTGDHLWLATRYAAAVELLEDPRLSSEAAIASGAPRQEPVELRAPGTRADGVAMLREAGLRSVLADGLGPRAVRRHQGWINDLAETLMSALASREGTFDLAADFVEPLSSALVSRTLLGELSADERDLLAHCADTGLRFCGVTHEEQVHAFTQMHEFFLEHARRLAGTPGEHLLKLIAEAPVDHGPLSDEALAEAGSLLVVAGFPTSSGFLCGALLTLLRHPDAVQELHAHPERVPSAVEELLRYTPLSTGSVKRMATEDLEIDGVRIKVGEVVMVSLEAVNHDPDAFEDPDVFRPGREGPMHFGFGRGRHFCPGNRLARCVIEATVRAVARRPGLRLAVAPEEISWHEGLFFRRPRAIPATWHHHHHH,1,1.188,0.997,1495.99,159.367,68.795,90.572,201.0,1,0,32.98,0,largest_volume,3,3,0,HIS:A:267:2.254; HIS:A:405:2.258; HIS:A:407:2.316,A:504,
2IMR,2IMR,0.8493999429660662,,,8.428,3.913,380;1;380,Crystal structure of amidohydrolase DR_0824 from Deinococcus radiodurans,转录调控,1,"D=[2.07,2.08,2.13],A=[96.4,106.6,111.4]",8.4,6,0.5799,A:HOH:554:O:1.792:108.7:0.6882;A:HOH:595:O:3.315:82.2:0.4543;A:ASP:352:OD1:3.349:95.4:0.4675;A:HOH:634:O:4.328:122.4:0.3227;A:HIS:301:NE2:4.404:85.8:0.3115;A:HOH:527:O:4.844:105.7:0.2778,,,true,3,/root/PDB_ZN/diffdock_inputs/receptors/2IMR.pdb,,Deinococcus radiodurans,HTPRLLTCDVLYTGAQSPGGVVVVGETVAAAGHPDELRRQYPHAAEERAGAVIAPPPVNAHTHLDMSAYEFQALPYFQWIPEVVIRGRHLRGVAAAQAGADTLTRLGAGGVGDIVWAPEVMDALLAREDLSGTLYFEVLNPFPDKADEVFAAARTHLERWRRLERPGLRLGLSPHTPFTVSHRLMRLLSDYAAGEGLPLQIHVAEHPTELEMFRTGGGPLWDNRMPALYPHTLAEVIGREPGPDLTPVRYLDELGVLAARPTLVHMVNVTPDDIARVARAGCAVVTCPRSNHHLECGTFDWPAFAAAGVEVALGTDSVASGETLNVREEVTFARQLYPGLDPRVLVRAAVKGGQRVVGTPFLRRGETWQEGFRWELSRDL,3,0.23,0.017,179.522,52.545,10.737,41.808,25.0,3,1,3.407,1,zn_priority,3,3,0,HIS:A:99:2.07; HIS:A:238:2.081; HIS:A:97:2.131,A:500,
