Representative,苯乙酮_综合判断,苯乙酮_尺寸可进入,苯乙酮_通道瓶颈半径_A,苯乙酮_口袋最小半径_A,苯乙酮_O到Zn最短距离_A,苯乙酮_任意原子到Zn最短距离_A,苯乙酮_判断说明,Zn_CoordResidueCount,Zn_CoordHisCount,Zn_CoordNonHisCount,Zn_CoordSite,Zn_CoordResidues,ZN_Depth,ZN_Depth_Rounded,ZN_SASA,ZN_Surface_Distance,ZN_5A_ResidueCount,ZN_5A_Residues,TriHis_SameChain,Zn_Binding_MonomerResidueCount,Similarity_Score,Best_Confidence,NearestDistanceTo3HisZn,Length;Oligomer;Monomer,Protein_Name,Protein_Category,Cluster_ID,Details,Neighbor_Count,Neighbor_Profile_Similarity,Neighbor_List,Best_Rank,AllZnDistancesSorted,TriHisSatisfied,TriHisCountMax,Receptor_PDB,Best_SDF,Species,MonomerSeq,BestPocket_ID,BestPocket_Score,BestPocket_Druggability,BestPocket_Volume,BestPocket_TotalSASA,BestPocket_PolarSASA,BestPocket_ApolarSASA,BestPocket_AlphaSpheres,BestPocket_HisCount,BestPocket_ZnCount,BestPocket_MinDistToZn,BestPocket_ZnMatch,BestPocket_SelectRule,CAVER_SeedMode,CAVER_ChannelCount,CAVER_BestBottleneckRadius_A,CAVER_BestThroughput,CAVER_AcetophenonePass,CAVER_SeedXYZ,CAVER_JobDir,CAVER_PocketDepthLabel,CAVER_PocketDepthBasis,苯乙酮_CAVER通道判定,苯乙酮_CAVER口袋深度,苯乙酮_CAVER口袋深度判定列,苯乙酮_CAVER口袋深度判定值
2FQP,不支持,no,1.057,3.460,18.008,13.990,CAVER pocket-seed 重算：best_pocket_center; channels=33。详细判定见专用列。 原备注：尺寸上虽可进入，但现有苯乙酮 pose 仍未把羰基 O 或主体稳定送到 Zn 位点,3,3,0,A:100,HIS:A:33:2.021; HIS:A:35:2.042; HIS:A:76:2.288,3.113,3.1,21.398,0.000,6,HIS:A:33:2.021; HIS:A:35:2.042; HIS:A:76:2.288; GLU:A:90:4.120; TYR:A:39:4.402; VAL:A:78:4.410,true,92,0.8548354548536002,2.02,0.9814341831583406,367;4;92,Crystal structure of a cupin domain (bp2299) from bordetella pertussis tohama i at 1.80 A resolution,蛋白酶,4,"D=[2.07,2.09,2.24],A=[93.8,98.4,106.7]",6,0.5292,A:HOH:166:O:2.035:101.3:0.7897;A:HOH:165:O:2.266:99.7:0.8354;A:HOH:164:O:2.392:97.1:0.7767;A:ACT:101:OXT:4.022:89.3:0.3544;A:GLU:90:OE2:4.120:133.3:0.3408;A:TYR:39:OH:4.402:145.7:0.3053,5,0.981;27.953;34.836;43.153,true,3,/root/PDB_ZN/diffdock_inputs/receptors/2FQP.pdb,/root/PDB_ZN/diffdock_outputs/2FQP/2FQP/rank5_confidence-2.02.sdf,Bordetella pertussis Tohama I,GKRPGAIPTVQIDNERVKVTEWRFPPGGETGWHRHSDYVVVPTTGPLLLETPEGSVTSQLTRGVSYTRPEGVEHNVINPSDTEFVFVEIEIKA,9,0.179,0.01,92.653,13.624,3.214,10.41,18.0,1,1,3.455,1,zn_priority,best_pocket_center,33,1.057,0.582120,no,"17.901,111.802,66.825",/home/bingxing2/home/scx9kyg/xqc/enzyme-search-engine/backend/runtime/caver_batch_workflow_table_2/pocket_seed_v1_2FQP,表面暴露,ZN_Surface_Distance=0.000 Å,no,表面暴露,ZN_Surface_Distance,0.000 Å
2PEB,不支持,no,1.337,3.430,3.577,3.558,CAVER pocket-seed 重算：best_pocket_center; channels=36。详细判定见专用列。 原备注：口袋尺寸允许，且现有 pose 的羰基 O 已靠近 Zn（<= 3.7 Å）,3,3,0,A:200,HIS:A:14:1.885; HIS:A:12:2.075; HIS:A:84:2.190,4.127,4.1,12.023,2.313,6,HIS:A:14:1.885; HIS:A:12:2.075; HIS:A:84:2.190; GLN:A:57:3.991; HIS:A:94:4.061; GLU:A:86:4.838,true,113,0.8564154881914711,5.4,1.18347533498043,226;2;113,Crystal structure of a putative dioxygenase (npun_f1925) from nostoc punctiforme pcc 73102 at 1.46 A resolution,蛋白酶,4,"D=[2.00,2.34,2.42],A=[93.1,107.4,120.5]",3,0.4734,A:UNL:201:O1:1.720:104.6:0.6521;A:GLN:57:OE1:3.991:80.8:0.3523;A:HIS:94:NE2:4.061:98.8:0.3536,10,1.183;26.608,true,3,/root/PDB_ZN/diffdock_inputs/receptors/2PEB.pdb,/root/PDB_ZN/diffdock_outputs/2PEB/2PEB/rank10_confidence-5.40.sdf,Nostoc punctiforme,KEDTIEIAGFHAHVYFDAASRDVAARVREGLGARFEVQLGRWFDKPIGPHPKGYQVAFLPNQFDKVVPWLLNREGLDILVHPETGDAVSDHAVYSLWLGAALALNIEFLRQLS,11,0.24,0.021,277.334,71.189,20.468,50.72,19.0,3,1,3.485,1,zn_priority,best_pocket_center,36,1.337,0.903526,no,"18.305,25.694,28.534",/home/bingxing2/home/scx9kyg/xqc/enzyme-search-engine/backend/runtime/caver_batch_workflow_table_2/pocket_seed_v1_2PEB,半埋藏,ZN_Surface_Distance=2.313 Å,no,半埋藏,ZN_Surface_Distance,2.313 Å
1FSJ,不支持,no,1.337,3.400,8.409,5.058,CAVER pocket-seed 重算：best_pocket_center; channels=59。详细判定见专用列。 原备注：尺寸上虽可进入，但现有苯乙酮 pose 仍未把羰基 O 或主体稳定送到 Zn 位点,3,3,0,B:901,HIS:B:131:2.069; HIS:B:127:2.076; HIS:B:102:2.080,3.988,4.0,19.156,1.488,4,HIS:B:131:2.069; HIS:B:127:2.076; HIS:B:102:2.080; HIS:B:103:4.001,true,132,0.8674445330156885,2.57,2.4875917894754886,530;4;132,CRYSTAL STRUCTURE OF THE E9 DNASE DOMAIN,转录调控,2,"D=[2.08,2.08,2.17],A=[95.9,97.3,112.1]",3,0.6162,B:PO4:801:O3:1.944:106.9:0.7660;B:HOH:932:O:2.969:82.7:0.5261;B:HIS:103:N:4.001:113.9:0.3625,8,2.488;10.193;29.101;29.461,true,3,/root/PDB_ZN/diffdock_inputs/receptors/1FSJ.pdb,/root/PDB_ZN/diffdock_outputs/1FSJ/1FSJ/rank8_confidence-2.57.sdf,Escherichia coli,MESKRNKPGKATGKGKPVGDKWLDDAGKDSGAPIPDRIADKLRDKEFKSFDDFRKAVWEEVSKDPELSKNLNPSNKSSVSKGYSPFTPKNQQVGGRKVYELHHDKPISQGGEVYDMDNIRVTTPKRHIDIHRGK,3,0.125,0.002,236.329,31.127,13.012,18.114,21.0,3,1,3.404,1,zn_priority,best_pocket_center,59,1.337,0.907329,no,"33.658,-6.656,42.936",/home/bingxing2/home/scx9kyg/xqc/enzyme-search-engine/backend/runtime/caver_batch_workflow_table_2/pocket_seed_v1_1FSJ,半埋藏,ZN_Surface_Distance=1.488 Å,no,半埋藏,ZN_Surface_Distance,1.488 Å
2O1Q,不支持,no,0.886,3.400,3.369,3.369,CAVER pocket-seed 重算：best_pocket_center; channels=29。详细判定见专用列。 原备注：口袋尺寸允许，且现有 pose 的羰基 O 已靠近 Zn（<= 3.7 Å）,3,3,0,A:145,HIS:A:101:1.691; HIS:A:59:1.979; HIS:A:61:2.083,4.038,4.0,16.405,1.704,5,HIS:A:101:1.691; HIS:A:59:1.979; HIS:A:61:2.083; THR:A:104:4.393; LEU:A:120:4.896,true,139,0.7364742570679765,3.71,3.1851871090021997,278;2;139,CRYSTAL STRUCTURE OF A PUTATIVE ACETYLACETONE DIOXYGENASE (MPE_A3659) FROM METHYLIBIUM PETROLEIPHILUM PM1 AT 1.50 A RESOLUTION,蛋白酶,4,"D=[1.71,2.04,2.06],A=[92.8,107.9,108.0]",2,0.3859,A:ACT:149:OXT:1.813:114.4:0.6930;A:THR:104:OG1:4.393:88.9:0.3137,10,3.185;25.183,true,3,/root/PDB_ZN/diffdock_inputs/receptors/2O1Q.pdb,/root/PDB_ZN/diffdock_outputs/2O1Q/2O1Q/rank10_confidence-3.71.sdf,Methylibium petroleiphilum,LKSKIKEEYVQDQVDWKPFPAAFSTGGIRWKLLHVSPEGSWTAIFDCPAGSSFAAHVHVGPGEYFLTKGKDVRGGKAAGGDTAIAPGYGYESANARHDKTEFPVASEFYSFLGPLTFVKPDGSPIAVIGWEDAQGAWAA,2,0.515,0.622,243.014,40.013,0.0,40.013,45.0,2,1,3.403,1,zn_priority,best_pocket_center,29,0.886,0.427780,no,"18.868,21.531,13.027",/home/bingxing2/home/scx9kyg/xqc/enzyme-search-engine/backend/runtime/caver_batch_workflow_table_2/pocket_seed_v1_2O1Q,半埋藏,ZN_Surface_Distance=1.704 Å,no,半埋藏,ZN_Surface_Distance,1.704 Å
1FR2,不支持,no,1.480,3.420,6.963,3.668,CAVER pocket-seed 重算：best_pocket_center; channels=27。详细判定见专用列。 原备注：底物整体已能进入 Zn 邻域，但羰基 O 朝向仍未对准 Zn,3,3,0,B:301,HIS:B:102:1.996; HIS:B:131:2.045; HIS:B:127:2.047,4.088,4.1,17.424,1.900,5,HIS:B:102:1.996; HIS:B:131:2.045; HIS:B:127:2.047; HIS:B:103:3.907; LEU:B:101:4.864,true,107,0.7917798262004201,2.02,3.667923153976381,214;2;107,CRYSTAL STRUCTURE OF THE E9 DNASE DOMAIN WITH A MUTANT IMMUNITY PROTEIN IM9(E41A),其他,2,"D=[2.00,2.05,2.05],A=[101.7,103.1,106.1]",4,0.4979,B:PO4:403:O3:1.866:105.0:0.7196;B:HOH:488:O:3.757:80.2:0.3814;B:HIS:103:N:3.907:118.6:0.3743;B:LEU:101:O:4.864:95.0:0.2751,2,3.668,true,3,/root/PDB_ZN/diffdock_inputs/receptors/1FR2.pdb,/root/PDB_ZN/diffdock_outputs/1FR2/1FR2/rank2_confidence-2.02.sdf,Escherichia coli,ESKRNKPGKATGKGKPVGDKWLDDAGKDSGAPIPDRIADKLRDKEFKSFDDFRKAVWEEVSKDPELSKNLNPSNKSSVSKGYSPFTPKNQQVGGRKVYELHHDKPISQGGEVYDMDNIRVTTPKRHIDIHR,8,0.185,0.004,291.327,70.045,32.608,37.436,19.0,2,1,3.418,1,zn_priority,best_pocket_center,27,1.480,0.878790,no,"13.57,16.629,31.357",/home/bingxing2/home/scx9kyg/xqc/enzyme-search-engine/backend/runtime/caver_batch_workflow_table_2/pocket_seed_v1_1FR2,半埋藏,ZN_Surface_Distance=1.900 Å,no,半埋藏,ZN_Surface_Distance,1.900 Å
3H3E,可以,yes,2.988,3.420,7.880,3.964,CAVER pocket-seed 重算：best_pocket_center; channels=37。详细判定见专用列。 原备注：底物整体已能进入 Zn 邻域，但羰基 O 朝向仍未对准 Zn,3,3,0,A:256,HIS:A:59:2.192; HIS:A:57:2.291; HIS:A:170:2.371,3.696,3.7,24.760,0.000,7,HIS:A:59:2.192; HIS:A:57:2.291; HIS:A:170:2.371; CYS:A:168:3.571; HIS:A:62:4.147; ASP:A:61:4.517; PHE:A:148:4.834,true,252,0.8187554347771071,4.2,3.9637403012092753,252;1;252,"Crystal structure of Tm1679, A METAL-DEPENDENT HYDROLASE OF THE BETA-LACTAMASE SUPERFAMILY",蛋白酶,0,"D=[2.19,2.29,2.37],A=[89.4,96.0,99.7]",3,0.3910,A:CYS:168:SG:3.571:93.5:0.4230;A:HIS:62:NE2:4.147:120.2:0.3432;A:ASP:61:OD1:4.517:96.7:0.3043,7,3.964,true,3,/root/PDB_ZN/diffdock_inputs/receptors/3H3E.pdb,/root/PDB_ZN/diffdock_outputs/3H3E/3H3E/rank7_confidence-4.20.sdf,Thermotoga maritima,HRIHVLCDDSSQNGFESEHGFSVLVDSVLFDTGKSDVFLKNARKLGIDLPKDVLISHGHYDHAGGLLYLSGKRVWLRKEALDQKYSGERYAGADWNEVLYYNTGKFVIERITEIGKNFLLGPANLRGKVPTGDFFVERNGERRKDLFEDEQTLVVRTKEGLVVITGCSHRGIDNILLDIAETFNERIKVVGGFHLLKSSDDEIEKIVKAFNELGVETVVPCHCTGERAVDIFKREFLGKIDCYAGLKLEVSD,7,0.19,0.071,423.789,141.835,55.574,86.261,44.0,4,1,3.928,1,zn_priority,best_pocket_center,37,2.988,0.945769,yes,"22.443,64.095,15.82",/home/bingxing2/home/scx9kyg/xqc/enzyme-search-engine/backend/runtime/caver_batch_workflow_table_2/pocket_seed_v1_3H3E,表面暴露,ZN_Surface_Distance=0.000 Å,yes,表面暴露,ZN_Surface_Distance,0.000 Å
6CQG,不支持,no,1.690,1.690,6.663,5.482,CAVER pocket-seed 重算：best_pocket_center; channels=1。详细判定见专用列。 原备注：当前 best_pocket 未命中 Zn 活性位点，且现有苯乙酮 pose 未显示稳定靠近 Zn,3,3,0,A:301,HIS:A:167:2.107; HIS:A:171:2.263; HIS:A:180:2.516,3.321,3.3,13.042,0.114,5,HIS:A:167:2.107; HIS:A:171:2.263; HIS:A:180:2.516; THR:A:184:4.332; ILE:A:176:4.980,true,98,0.7807870841243661,1.1,5.482151661395675,98;1;98,YycF Effector Domain Structure without DNA bound,转录调控,2,"D=[2.11,2.26,2.52],A=[110.5,115.3,121.1]",1,0.2728,A:THR:184:OG1:4.642:144.6:0.2859,2,5.482,true,3,/root/PDB_ZN/diffdock_inputs/receptors/6CQG.pdb,/root/PDB_ZN/diffdock_outputs/6CQG/6CQG/rank2_confidence-1.10.sdf,Streptococcus pneumoniae,PIQIGDLEIVPDAYVAKKYGEELDLTHREFELLYHLASHTGQVITREHLLETVWGYDYFGDVRTVDVTVRRLREKIEDTPSRPEYILTRRGVGYYMRN,1,0.37,0.0,299.618,77.829,45.223,32.606,42.0,0,0,14.451,0,largest_volume,best_pocket_center,1,1.690,0.904888,no,"-6.735,-16.227,11.14",/home/bingxing2/home/scx9kyg/xqc/enzyme-search-engine/backend/runtime/caver_batch_workflow_table_2/pocket_seed_v1_6CQG,表面暴露,ZN_Surface_Distance=0.114 Å,no,表面暴露,ZN_Surface_Distance,0.114 Å
4L63,边缘,borderline,1.823,3.530,6.874,6.127,CAVER pocket-seed 重算：best_pocket_center; channels=62。详细判定见专用列。 原备注：尺寸上虽可进入，但现有苯乙酮 pose 仍未把羰基 O 或主体稳定送到 Zn 位点,3,3,0,A:301,HIS:A:189:2.083; HIS:A:179:2.118; HIS:A:183:2.194,3.158,3.2,19.156,0.000,5,HIS:A:189:2.083; HIS:A:179:2.118; HIS:A:183:2.194; GLU:A:180:4.179; MET:A:218:4.969,true,128,0.8549774267010968,0.13,6.127067288492158,771;6;128,Apo form of AB5 holotoxin,转录调控,1,"D=[2.08,2.12,2.19],A=[99.6,100.4,106.9]",4,0.4295,A:HOH:462:O:2.491:103.5:0.7849;A:GLU:180:OE2:4.179:89.7:0.3362;A:HOH:450:O:4.667:91.9:0.2901;A:HOH:423:O:4.880:139.4:0.2701,1,6.127,true,3,/root/PDB_ZN/diffdock_inputs/receptors/4L63.pdb,/root/PDB_ZN/diffdock_outputs/4L63/4L63/rank1_confidence-0.13.sdf,Escherichia coli,AERTPNEEKKVIGYADHNGQLYNITSIYGPVINYTVPDENITINTINRTQLTINYSDYVREAFNEWAPSGIRVQQVSSRVVSFSTTNYADNSLGSTIFDPSGNSRTRIDIGSFNRIVMNNFEKLKSRGAIPANMSPEEYIKLKLRITIKHEIGHILGLLHNNEGGSYFPHGVGLEVARCRLLNQAPSIMLNGSNYDYIDRLSHYLERPVTETDIGPSRNDIEGVRVMRRGGSGNSFTNRFSCLGLGLAF,21,-0.032,0.002,547.209,150.958,35.425,115.534,47.0,3,1,3.59,1,zn_priority,best_pocket_center,62,1.823,0.852236,borderline,"24.536,17.245,13.069",/home/bingxing2/home/scx9kyg/xqc/enzyme-search-engine/backend/runtime/caver_batch_workflow_table_2/pocket_seed_v1_4L63,表面暴露,ZN_Surface_Distance=0.000 Å,borderline,表面暴露,ZN_Surface_Distance,0.000 Å
2P6Y,边缘,borderline,2.126,3.410,7.941,6.823,CAVER pocket-seed 重算：best_pocket_center; channels=21。详细判定见专用列。 原备注：尺寸上虽可进入，但现有苯乙酮 pose 仍未把羰基 O 或主体稳定送到 Zn 位点,3,3,0,A:201,HIS:A:77:2.117; HIS:A:75:2.156; HIS:A:91:2.335,3.545,3.5,18.035,0.000,4,HIS:A:77:2.117; HIS:A:75:2.156; HIS:A:91:2.335; ARG:A:46:3.903,true,128,0.8798931236362493,1.75,6.822811163907217,128;1;128,X-ray structure of the protein Q9KM02_VIBCH from Vibrio cholerae at the resolution 1.63 A. Northeast Structural Genomics Consortium target VcR80.,蛋白酶,3,"D=[2.12,2.16,2.34],A=[102.2,103.4,109.6]",2,0.2939,A:ARG:46:NH2:3.903:110.6:0.3762;A:HOH:231:O:4.977:101.1:0.2676,6,6.823,true,3,/root/PDB_ZN/diffdock_inputs/receptors/2P6Y.pdb,/root/PDB_ZN/diffdock_outputs/2P6Y/2P6Y/rank6_confidence-1.75.sdf,Vibrio cholerae,IHLIALRLTRGDLKQQIVQLVQQHRIHAGSIASCVGCLSTLHIRLADSVSTLQVSAPFEILSLSGTLTYQHCHLHIAVADAQGRVWGGHLLEGNLINTAELIHHYPQHHFTREFDPNTGYSELVVSAA,1,0.178,0.026,761.657,268.644,162.312,106.332,92.0,5,1,3.811,1,zn_priority,best_pocket_center,21,2.126,0.931953,borderline,"77.747,49.729,58.966",/home/bingxing2/home/scx9kyg/xqc/enzyme-search-engine/backend/runtime/caver_batch_workflow_table_2/pocket_seed_v1_2P6Y,表面暴露,ZN_Surface_Distance=0.000 Å,borderline,表面暴露,ZN_Surface_Distance,0.000 Å
6Z2D,可以,yes,2.494,3.440,8.701,7.473,CAVER pocket-seed 重算：best_pocket_center; channels=38。详细判定见专用列。 原备注：尺寸上虽可进入，但现有苯乙酮 pose 仍未把羰基 O 或主体稳定送到 Zn 位点,3,3,0,A:408,HIS:A:215:2.042; HIS:A:205:2.052; HIS:A:209:2.067,3.086,3.1,21.194,0.000,7,HIS:A:215:2.042; HIS:A:205:2.052; HIS:A:209:2.067; TYR:A:318:4.215; ASN:A:315:4.780; MET:A:231:4.826; GLU:A:206:4.904,true,354,0.7953063925025154,2.0,7.472752546875567,354;1;354,Crystal structure of wild type OgpA from Akkermansia muciniphila in P 41 21 2,转录调控,1,"D=[2.04,2.05,2.07],A=[94.1,94.2,104.0]",11,0.3934,A:GLN:308:OE1:2.196::0.9536;A:ASP:319:OD1:2.232::0.9868;A:GLN:316:O:2.266::0.9791;A:ASP:309:O:2.304::0.9445;A:HOH:588:O:2.542::0.7713;A:PRO:311:O:2.564::0.7580;A:ASP:317:N:4.052::0.3563;A:HOH:599:O:4.074::0.3534;A:PRO:310:O:4.156::0.3435;A:HOH:649:O:4.485::0.3087;A:TYR:312:N:4.658::0.2930,4,7.473,true,3,/root/PDB_ZN/diffdock_inputs/receptors/6Z2D.pdb,/root/PDB_ZN/diffdock_outputs/6Z2D/6Z2D/rank4_confidence-2.00.sdf,Akkermansia muciniphila ATCC BAA-835,TVPDALKDRIALKKTARQLNIVYFLGSDTEPVPDYERRLSELLLYLQQFYGKEMQRHGYGARSFGLDIKSPGRVNIIEYKAKNPAAHYPYENGGGWKAAQELDEFFKAHPDRKKSQHTLIIMPTWNDEKNGPDNPGGVPFYGMGRNCFALDYPAFDIKHLGQKTREGRLLTKWYGGMAHELGHGLNLPHNHQTASDGKKYGTALMGSGNYTFGTSPTFLTPASCALLDACEVFSVTPSQQFYEGKPEVEVGDVAISFKGDQILVSGNYKSPQTVKALNVYIQDPPYAVNQDYDAVSFSRRLGKKSGKFSMKIDKKELEGLNNNEFRISLMFILANGLHMQKHFTFHWDALQDYR,18,-0.008,0.0,461.503,159.366,105.711,53.655,37.0,3,1,3.518,1,zn_priority,best_pocket_center,38,2.494,0.956287,yes,"77.86,63.197,12.477",/home/bingxing2/home/scx9kyg/xqc/enzyme-search-engine/backend/runtime/caver_batch_workflow_table_2/pocket_seed_v1_6Z2D,表面暴露,ZN_Surface_Distance=0.000 Å,yes,表面暴露,ZN_Surface_Distance,0.000 Å
1B57,可以,yes,2.581,3.410,14.921,11.543,CAVER pocket-seed 重算：best_pocket_center; channels=79。详细判定见专用列。 原备注：尺寸上虽可进入，但现有苯乙酮 pose 仍未把羰基 O 或主体稳定送到 Zn 位点,3,3,0,A:360,HIS:A:226:1.872; HIS:A:264:1.925; HIS:A:110:2.092,3.888,3.9,11.922,2.216,7,HIS:A:226:1.872; HIS:A:264:1.925; HIS:A:110:2.092; ASN:A:286:4.083; ASP:A:109:4.161; GLY:A:265:4.496; THR:A:178:4.949,true,346,0.7409174905993337,0.78,11.542720021866682,692;2;346,"CLASS II FRUCTOSE-1,6-BISPHOSPHATE ALDOLASE IN COMPLEX WITH PHOSPHOGLYCOLOHYDROXAMATE",其他,0,"D=[1.90,1.91,2.15],A=[90.0,103.7,135.7]",6,0.4717,A:PGH:359:O1:2.218:94.7:0.7705;A:ASN:286:ND2:4.083:107.4:0.3524;A:ASP:109:OD1:4.161:146.3:0.3276;A:GLY:265:N:4.496:85.9:0.3030;A:HOH:395:O:4.711:97.3:0.2876;A:THR:178:OG1:4.949:77.3:0.2646,1,11.543;29.374,true,3,/root/PDB_ZN/diffdock_inputs/receptors/1B57.pdb,/root/PDB_ZN/diffdock_outputs/1B57/1B57/rank1_confidence-0.78.sdf,Escherichia coli,SKIFDFVKPGVITGDDVQKVFQVAKENNFALPAVNCVGTDSINAVLETAAKVKAPVIVQFSNGGASFIAGKGVKSDVPQGAAILGAISGAHHVHQMAEHYGVPVILHTDHCAKKLLPWIDGLLDAGEKHFAATGKPLFSSHMIDLSEESLQENIEICSKYLERMSKIGMTLEIELGCTGGEELYTQPEDVDYAYTELSKISPRFTIAASFGNVHGVYKPGNVVLTPTILRDSQEYVSKKHNLPHNSLNFVFHGGSGSTAQEIKDSVSYGVVKMNIDTDTQWATWEGVLNYYKANEAYLQGQLGNPKGEDQPNKKYYDPRVWLRAGQTSMIARLEKAFQELNAIDVL,18,0.015,0.037,752.255,250.572,125.197,125.376,56.0,5,2,4.453,1,zn_priority,best_pocket_center,79,2.581,0.936560,yes,"32.243,60.138,120.571",/home/bingxing2/home/scx9kyg/xqc/enzyme-search-engine/backend/runtime/caver_batch_workflow_table_2/pocket_seed_v1_1B57,半埋藏,ZN_Surface_Distance=2.216 Å,yes,半埋藏,ZN_Surface_Distance,2.216 Å
7OB6,可以,yes,2.642,2.642,13.423,11.894,CAVER pocket-seed 重算：best_pocket_center; channels=58。详细判定见专用列。 原备注：当前 best_pocket 未命中 Zn 活性位点，且现有苯乙酮 pose 未显示稳定靠近 Zn,3,3,0,A:301,HIS:A:-5:1.945; HIS:A:75:2.054; HIS:A:-7:2.346,3.671,3.7,12.227,0.303,5,HIS:A:-5:1.945; HIS:A:75:2.054; HIS:A:-7:2.346; SER:A:23:3.804; HIS:A:-6:4.856,true,218,0.7233899113137652,4.75,11.894139793424696,435;2;218,CPR-C4 - a conserved novel protease from the Candidate Phyla Radiation,蛋白酶,1,"D=[1.95,2.05,2.35],A=[86.8,123.4,133.7]",2,0.2775,A:SER:23:O:4.454:123.2:0.3100;A:HIS:-6:O:4.856:122.4:0.2759,8,11.894,true,3,/root/PDB_ZN/diffdock_inputs/receptors/7OB6.pdb,/root/PDB_ZN/diffdock_outputs/7OB6/7OB6/rank8_confidence-4.75.sdf,candidate division CPR1,THHHHHHGSMHYKAQLQKLLTTEEKKILARLSTPQKIQDFLDTIKNKDLAEHTMWSPRAVLKHKHAHCMEGAMLAALALAYHGHSPLLMDLQTTDEDEDHVVALFKIDGHWGAISKTNHPVLRYRDPIYKSVRELAMSYFHEYFIWWTKKNGGKKTLRAYSNPFDLTRYKPERWVIATGDLDWLAEALDDSKHFPILNKKMQKQLRPASRIETKAASLSEWP,26,-0.15,0.062,1070.598,349.646,138.727,210.919,99.0,3,0,7.953,0,largest_volume,best_pocket_center,58,2.642,0.942478,yes,"-68.476,25.5,-12.253",/home/bingxing2/home/scx9kyg/xqc/enzyme-search-engine/backend/runtime/caver_batch_workflow_table_2/pocket_seed_v1_7OB6,表面暴露,ZN_Surface_Distance=0.303 Å,yes,表面暴露,ZN_Surface_Distance,0.303 Å
1PQ4,可以,yes,2.449,2.449,16.030,15.287,CAVER pocket-seed 重算：best_pocket_center; channels=63。详细判定见专用列。 原备注：当前 best_pocket 未命中 Zn 活性位点，且现有苯乙酮 pose 未显示稳定靠近 Zn,3,3,0,B:1001,HIS:B:83:1.940; HIS:B:179:2.045; HIS:B:243:2.117,3.427,3.4,15.386,0.172,7,HIS:B:83:1.940; HIS:B:179:2.045; HIS:B:243:2.117; SER:B:245:3.952; PRO:B:82:4.646; TRP:B:181:4.894; PHE:B:293:5.000,true,260,0.8098218465437864,1.08,14.301131529161525,519;2;260,Crystal structure of ZnuA,转录调控,1,"D=[1.94,2.04,2.12],A=[97.7,108.7,114.2]",1,0.7444,A:HOH:1101:O:2.280:107.7:0.9524,3,14.301;22.975,true,3,/root/PDB_ZN/diffdock_inputs/receptors/1PQ4.pdb,/root/PDB_ZN/diffdock_outputs/1PQ4/1PQ4/rank3_confidence-1.08.sdf,Synechocystis sp.,DAMDITVSIPPQQYFLEKIGGDLVRVSVLVPGNNDPHTYEPKPQQLAALSEAEAYVLIGLGFEQPWLEKLKAANANMKLIDSAQGITPLEMEKHDEKAKGALMVADPHIWLSPTLVKRQATTIAKELAELDPDNRDQYEANLAAFLAELERLNQELGQILQPLPQRKFIVFHPSWAYFARDYNLVQIPIEVEGQEPSAQELKQLIDTAKENNLTMVFGETQFSTKSSEAIAAEIGAGVELLDPLAADWSSNLKAVAQKIANANS,28,-0.126,0.0,1052.76,356.354,224.722,131.631,67.0,0,0,14.212,0,largest_volume,best_pocket_center,63,2.449,0.926397,yes,"-3.985,0.471,3.513",/home/bingxing2/home/scx9kyg/xqc/enzyme-search-engine/backend/runtime/caver_batch_workflow_table_2/pocket_seed_v1_1PQ4,表面暴露,ZN_Surface_Distance=0.172 Å,yes,表面暴露,ZN_Surface_Distance,0.172 Å
